chest_armor_template_id,legs_armor_template_id,head_armor_template_id,gloves_armor_template_id,feet_armor_template_id,set_skills,shield_weapon_template_id,shield_skill_id,enchant6_skill_id,masterwork_legs_armor_template_id,masterwork_head_armor_template_id,masterwork_gloves_armor_template_id,masterwork_feet_armor_template_id,masterwork_shield_weapon_template_id
23,2386,43,,,"3006-1;3500-1;",,,,,,,,
1101,1104,44,,,"3006-1;3501-1;",,,,,,,,
58,59,47,,,"3006-1;3502-1;",628,3543,3611,,,,,
352,2378,2411,,,"3006-1;3506-1;",2493,3544,3611,,,,,
394,416,,,2422,"3006-1;3503-1;",,,3612,,,,,
395,417,,,2424,"3006-1;3505-1;",,,3612,,,,,
436,469,,2447,,"3006-1;3504-1;",,,3613,,,,,
437,470,,2450,,"3006-1;3507-1;",,,3613,,,,,
354,381,2413,,,"3006-1;3509-1;",2495,3545,3614,,,,,
60,,517,,,"3006-1;3512-1;",107,3546,3614,,,,,
356,,2414,,,"3006-1;3516-1;",2497,3547,3614,,,,,
397,2387,,,62,"3006-1;3508-1;",,,3615,,,,,
398,418,,,2431,"3006-1;3511-1;",,,3615,,,,,
400,420,,,2436,"3006-1;3514-1;",,,3615,,,,,
401,,,,2437,"3006-1;3515-1;",,,3615,,,,,
439,471,,2454,,"3006-1;3510-1;",,,3616,,,,,
441,472,,2459,,"3006-1;3513-1;",,,3616,,,,,
442,473,,2463,,"3006-1;3517-1;",,,3616,,,,,
357,383,503,5710,5726,"3006-1;3518-1;",,,3617,11355,11363,11356,11359,
2384,2388,503,5711,5727,"3006-1;3520-1;",,,3618,11353,12978,11357,11360,
2397,2402,503,5712,5728,"3006-1;3522-1;",,,3619,11378,12979,11358,11361,
2376,2379,2415,5714,5730,"3006-1;3519-1;",673,3548,3617,11375,11373,11365,11370,11374
2390,,2415,5715,5731,"3006-1;3521-1;",,,3618,,12980,11366,11371,
2406,,2415,5716,5732,"3006-1;3523-1;",,,3619,,12981,11367,11372,
358,2380,2416,5718,5734,"3006-1;3524-1;",,,3617,11394,11403,11399,11396,
2391,,2416,5719,5735,"3006-1;3526-1;",,,3618,,12984,11400,11397,
2398,2403,2416,5720,5736,"3006-1;3528-1;",,,3619,11404,12985,11401,11398,
2381,,2417,5722,5738,"3006-1;3525-1;",110,3549,3617,,11387,11379,11382,11385
2392,,2417,5723,5739,"3006-1;3527-1;",,,3618,,12982,11380,11383,
2399,2404,2417,5724,5740,"3006-1;3529-1;",,,3619,11406,12983,11381,11384,
365,388,512,5765,5777,"3006-1;3530-1;",641,3550,3620,11407,11417,11408,11413,11416
2385,2389,512,5766,5778,"3006-1;3532-1;",,,3621,11419,12986,11409,11414,
2407,,512,5767,5779,"3006-1;3535-1;",,,3622,,12987,11410,11415,
2382,,547,5768,5780,"3006-1;3531-1;",,,3620,,11446,11437,11441,
2393,,547,5769,5781,"3006-1;3533-1;",,,3621,,12988,11438,11442,
2400,2405,547,5770,5782,"3006-1;3534-1;",,,3622,11447,12989,11439,11443,
374,,2418,5771,5783,"3006-1;3536-1;",2498,3551,3620,,11481,11472,11477,11480
2394,,2418,5772,5784,"3006-1;3538-1;",,,3621,,12992,11473,11478,
2408,,2418,5773,5785,"3006-1;3540-1;",,,3622,,12993,11474,11479,
2383,,2419,5774,5786,"3006-1;3537-1;",,,3620,,11456,11448,11453,
2395,,2419,5775,5787,"3006-1;3539-1;",,,3621,,12990,11449,11454,
2409,,2419,5776,5788,"3006-1;3541-1;",,,3622,,12991,11450,11455,
6373,6374,6378,6375,6376,"3006-1;3553-1;",6377,3554,3623,11505,11509,11506,11507,11508
6379,,6382,6380,6381,"3006-1;3555-1;",,,3624,,11486,11483,11484,
6383,,6386,6384,6385,"3006-1;3556-1;",,,3625,,11490,11487,11489,
7851,,7850,7852,7853,"3006-1;3605-1;",,,3611,,,,,
7854,,7850,7855,7856,"3006-1;3606-1;",,,3612,,,,,
7857,,7850,7858,7859,"3006-1;3607-1;",,,3613,,,,,
9821,,9820,9822,9823,"3006-1;3605-1;",,,3611,,,,,
9824,,9820,9825,9826,"3006-1;3606-1;",,,3612,,,,,
9827,,9820,9828,9829,"3006-1;3607-1;",,,3613,,,,,
7861,,7860,7862,7863,"3006-1;3608-1;",,,3620,,,,,
7864,,7860,7865,7866,"3006-1;3609-1;",,,3621,,,,,
7867,,7860,7868,7869,"3006-1;3610-1;",,,3622,,,,,
9831,,9830,9832,9833,"3006-1;3608-2;",,,3620,,,,,
9834,,9830,9835,9836,"3006-1;3609-2;",,,3621,,,,,
9837,,9830,9838,9839,"3006-1;3610-2;",,,3622,,,,,
9416,9421,9422,9423,9424,"3006-1;3412-1;",9441,3417,3623,11512,11557,11513,11526,11532
9417,9421,9422,9423,9424,"3006-1;3348-1;",9441,3417,3623,11512,11557,11513,11526,11532
9418,9421,9422,9423,9424,"3006-1;3349-1;",,,3623,11512,11557,11513,11526,
9419,9421,9422,9423,9424,"3006-1;3350-1;",,,3623,11512,11557,11513,11526,
9420,9421,9422,9423,9424,"3006-1;3351-1;",,,3623,11512,11557,11513,11526,
9425,9428,9429,9430,9431,"3006-1;3413-1;",,,3624,11516,11525,11515,11524,
9426,9428,9429,9430,9431,"3006-1;3352-1;",,,3624,11516,11525,11515,11524,
9427,9428,9429,9430,9431,"3006-1;3353-1;",,,3624,11516,11525,11515,11524,
9432,9437,9438,9439,9440,"3006-1;3416-1;",,,3625,11558,11539,11514,11533,
9433,9437,9438,9439,9440,"3006-1;3354-1;",,,3625,11558,11539,11514,11533,
9434,9437,9438,9439,9440,"3006-1;3355-1;",,,3625,11558,11539,11514,11533,
9435,9437,9438,9439,9440,"3006-1;3356-1;",,,3625,11558,11539,11514,11533,
9436,9437,9438,9439,9440,"3006-1;3357-1;",,,3625,11558,11539,11514,11533,
10126,9428,9429,9430,9431,"3006-1;3414-1;",,,3624,11516,11525,11515,11524,
10127,9428,9429,9430,9431,"3006-1;3415-1;",,,3624,11516,11525,11515,11524,
10168,9428,9429,9430,9431,"3006-1;3355-1;",,,3624,11516,11525,11515,11524,
10214,9428,9429,9430,9431,"3006-1;3420-1;",,,3624,11516,11525,11515,11524,
10228,9421,9422,9423,9424,"3006-1;3636-1;",9441,3417,3623,11512,11557,11513,11526,11532
10229,9421,9422,9423,9424,"3006-1;3637-1;",,,3623,11512,11557,11513,11526,
10230,9421,9422,9423,9424,"3006-1;3639-1;",,,3623,11512,11557,11513,11526,
10231,9421,9422,9423,9424,"3006-1;3638-1;",,,3623,11512,11557,11513,11526,
10233,9428,9429,9430,9431,"3006-1;3640-1;",,,3624,11516,11525,11515,11524,
10234,9428,9429,9430,9431,"3006-1;3641-1;",,,3624,11516,11525,11515,11524,
10236,9437,9438,9439,9440,"3006-1;3645-1;",,,3625,11558,11539,11514,11533,
10237,9437,9438,9439,9440,"3006-1;3646-1;",,,3625,11558,11539,11514,11533,
10238,9437,9438,9439,9440,"3006-1;3647-1;",,,3625,11558,11539,11514,11533,
10239,9437,9438,9439,9440,"3006-1;3648-1;",,,3625,11558,11539,11514,11533,
10487,9428,9429,9430,9431,"3006-1;3642-1;",,,3624,11516,11525,11515,11524,
10488,9428,9429,9430,9431,"3006-1;3643-1;",,,3624,11516,11525,11515,11524,
10489,9428,9429,9430,9431,"3006-1;3646-1;",,,3624,11516,11525,11515,11524,
10490,9428,9429,9430,9431,"3006-1;3644-1;",,,3624,11516,11525,11515,11524,
13432,13438,13137,13439,13440,"3006-1;8283-1;",13471,3417,3623,,,,,
13433,13441,13138,13442,13443,"3006-1;8285-1;",,,3624,,,,,
13434,13444,13139,13445,13446,"3006-1;8287-1;",,,3625,,,,,
13435,13448,13140,13449,13450,"3006-1;8284-1;",13471,3417,3623,,,,,
13436,13451,13141,13452,13453,"3006-1;8286-1;",,,3624,,,,,
13437,13454,13142,13455,13456,"3006-1;8288-1;",,,3625,,,,,
10793,,2418,5771,5783,"3006-1;8193-1;3659-1;3662-1;",2498,3551,3620,,11481,11472,11477,11480
10794,,2419,5774,5786,"3006-1;8194-1;3659-1;3662-1;",,,3620,,11456,11448,11453,
10795,,2418,5772,5784,"3006-1;8195-1;3663-1;",,,3621,,12992,11473,11478,
10796,,2419,5775,5787,"3006-1;8196-1;3663-1;",,,3621,,12990,11449,11454,
10797,,2418,5773,5785,"3006-1;8197-1;3660-1;",,,3622,,12993,11474,11479,
10798,,2419,5776,5788,"3006-1;8198-1;3660-1;",,,3622,,12991,11450,11455,
10799,6374,6378,6375,6376,"3006-1;8199-1;3659-1;3662-1;",6377,3554,3623,11505,11509,11506,11507,11508
10800,,6382,6380,6381,"3006-1;8200-1;3663-1;",,,3624,,11486,11483,11484,
10801,,6386,6384,6385,"3006-1;8201-1;3660-1;",,,3625,,11490,11487,11489,
10802,9421,9422,9423,9424,"3006-1;8202-1;3659-1;3662-1;",9441,3417,3623,11512,11557,11513,11526,11532
10803,9421,9422,9423,9424,"3006-1;8203-1;3659-1;3662-1;",9441,3417,3623,11512,11557,11513,11526,11532
10804,9421,9422,9423,9424,"3006-1;8204-1;3659-1;3662-1;",,,3623,11512,11557,11513,11526,
10805,9421,9422,9423,9424,"3006-1;8205-1;3659-1;3662-1;",,,3623,11512,11557,11513,11526,
10806,9421,9422,9423,9424,"3006-1;8206-1;3659-1;3662-1;",,,3623,11512,11557,11513,11526,
10807,9428,9429,9430,9431,"3006-1;8207-1;3663-1;",,,3624,11516,11525,11515,11524,
10808,9428,9429,9430,9431,"3006-1;8208-1;3663-1;",,,3624,11516,11525,11515,11524,
10809,9428,9429,9430,9431,"3006-1;8209-1;3663-1;",,,3624,11516,11525,11515,11524,
10810,9437,9438,9439,9440,"3006-1;8210-1;3660-1;",,,3625,11558,11539,11514,11533,
10811,9437,9438,9439,9440,"3006-1;8211-1;3660-1;",,,3625,11558,11539,11514,11533,
10812,9437,9438,9439,9440,"3006-1;8212-1;3660-1;",,,3625,11558,11539,11514,11533,
10813,9437,9438,9439,9440,"3006-1;8213-1;3660-1;",,,3625,11558,11539,11514,11533,
10814,9437,9438,9439,9440,"3006-1;8214-1;3660-1;",,,3625,11558,11539,11514,11533,
10815,9428,9429,9430,9431,"3006-1;8215-1;3663-1;",,,3624,11516,11525,11515,11524,
10816,9428,9429,9430,9431,"3006-1;8216-1;3663-1;",,,3624,11516,11525,11515,11524,
10817,9428,9429,9430,9431,"3006-1;8217-1;3663-1;",,,3624,11516,11525,11515,11524,
10818,9428,9429,9430,9431,"3006-1;8218-1;3663-1;",,,3624,11516,11525,11515,11524,
10820,9421,9422,9423,9424,"3006-1;8219-1;3659-1;3662-1;",9441,3417,3623,11512,11557,11513,11526,11532
10821,9421,9422,9423,9424,"3006-1;8220-1;3659-1;3662-1;",,,3623,11512,11557,11513,11526,
10822,9421,9422,9423,9424,"3006-1;8222-1;3659-1;3662-1;",,,3623,11512,11557,11513,11526,
10823,9421,9422,9423,9424,"3006-1;8221-1;3659-1;3662-1;",,,3623,11512,11557,11513,11526,
10825,9428,9429,9430,9431,"3006-1;8223-1;3663-1;",,,3624,11516,11525,11515,11524,
10826,9428,9429,9430,9431,"3006-1;8224-1;3663-1;",,,3624,11516,11525,11515,11524,
10828,9437,9438,9439,9440,"3006-1;8229-1;3660-1;",,,3625,11558,11539,11514,11533,
10829,9437,9438,9439,9440,"3006-1;8230-1;3660-1;",,,3625,11558,11539,11514,11533,
10830,9437,9438,9439,9440,"3006-1;8231-1;3660-1;",,,3625,11558,11539,11514,11533,
10831,9437,9438,9439,9440,"3006-1;8232-1;3660-1;",,,3625,11558,11539,11514,11533,
10832,9428,9429,9430,9431,"3006-1;8225-1;3663-1;",,,3624,11516,11525,11515,11524,
10833,9428,9429,9430,9431,"3006-1;8226-1;3663-1;",,,3624,11516,11525,11515,11524,
10834,9428,9429,9430,9431,"3006-1;8228-1;3663-1;",,,3624,11516,11525,11515,11524,
10835,9428,9429,9430,9431,"3006-1;8227-1;3663-1;",,,3624,11516,11525,11515,11524,
14520,13438,13137,13439,13440,"3006-1;8301-1;3659-1;3662-1;",13471,3417,3623,,,,,
14521,13441,13138,13442,13443,"3006-1;8303-1;3663-1;",,,3624,,,,,
14522,13444,13139,13445,13446,"3006-1;8305-1;3660-1;",,,3625,,,,,
14523,13448,13140,13449,13450,"3006-1;8302-1;3659-1;3662-1;",13471,3417,3623,,,,,
14524,13451,13141,13452,13453,"3006-1;8304-1;3663-1;",,,3624,,,,,
14525,13454,13142,13455,13456,"3006-1;8306-1;3660-1;",,,3625,,,,,
13803,13804,13802,,,"8277-1;",,,,,,,,
13806,13807,13805,,,"8278-1;",,,,,,,,
9067,9068,9069,9071,9072,"3006-1;3518-1;",,,3617,,,,,
9073,9074,9069,9075,9076,"3006-1;3520-1;",,,3618,,,,,
9077,9078,9069,9079,9080,"3006-1;3522-1;",,,3619,,,,,
9081,9082,9083,9085,9086,"3006-1;3530-1;",641,3550,3620,,,,,
9087,9088,9083,9089,9090,"3006-1;3532-1;",,,3621,,,,,
9091,,9083,9092,9093,"3006-1;3535-1;",,,3622,,,,,
9094,,9095,9096,9097,"3006-1;3537-1;",,,3620,,,,,
9098,,9095,9099,9100,"3006-1;3539-1;",,,3621,,,,,
9101,,9095,9102,9103,"3006-1;3541-1;",,,3622,,,,,
11364,383,503,5710,5726,"3006-1;3518-1;",,,3617,11355,11363,11356,11359,
11354,2388,503,5711,5727,"3006-1;3520-1;",,,3618,11353,12978,11357,11360,
11377,2402,503,5712,5728,"3006-1;3522-1;",,,3619,11378,12979,11358,11361,
11376,2379,2415,5714,5730,"3006-1;3519-1;",673,3548,3617,11375,11373,11365,11370,11374
11368,,2415,5715,5731,"3006-1;3521-1;",,,3618,,12980,11366,11371,
11369,,2415,5716,5732,"3006-1;3523-1;",,,3619,,12981,11367,11372,
11405,2380,2416,5718,5734,"3006-1;3524-1;",,,3617,11395,11403,11399,11396,
11395,,2416,5719,5735,"3006-1;3526-1;",,,3618,,12984,11400,11397,
11402,2403,2416,5720,5736,"3006-1;3528-1;",,,3619,11404,12985,11401,11398,
11386,,2417,5722,5738,"3006-1;3525-1;",110,3549,3617,,11387,11379,11382,11385
11388,,2417,5723,5739,"3006-1;3527-1;",,,3618,,12982,11380,11383,
11393,2404,2417,5724,5740,"3006-1;3529-1;",,,3619,11406,12983,11381,11384,
11418,388,512,5765,5777,"3006-1;3530-1;",641,3550,3620,11407,11417,11408,11413,11416
11411,2389,512,5766,5778,"3006-1;3532-1;",,,3621,11419,12986,11409,11414,
11412,,512,5767,5779,"3006-1;3535-1;",,,3622,,12987,11410,11415,
11445,,547,5768,5780,"3006-1;3531-1;",,,3620,,11446,11437,11441,
11440,,547,5769,5781,"3006-1;3533-1;",,,3621,,12988,11438,11442,
11444,2405,547,5770,5782,"3006-1;3534-1;",,,3622,11447,12989,11439,11443,
11471,,2418,5771,5783,"3006-1;3536-1;",2498,3551,3620,,11481,11472,11477,11480
11475,,2418,5772,5784,"3006-1;3538-1;",,,3621,,12992,11473,11478,
11476,,2418,5773,5785,"3006-1;3540-1;",,,3622,,12993,11474,11479,
11457,,2419,5774,5786,"3006-1;3537-1;",,,3620,,11456,11448,11453,
11451,,2419,5775,5787,"3006-1;3539-1;",,,3621,,12990,11449,11454,
11452,,2419,5776,5788,"3006-1;3541-1;",,,3622,,12991,11450,11455,
11510,6374,6378,6375,6376,"3006-1;3553-1;",6377,3554,3623,11505,11509,11506,11507,11508
11485,,6382,6380,6381,"3006-1;3555-1;",,,3624,,11486,11483,11484,
11488,,6386,6384,6385,"3006-1;3556-1;",,,3625,,11490,11487,11489,
10819,9421,9422,9423,9424,"0-0;",9441,3417,3623,,,,,
10824,9428,9429,9430,9431,"0-0;",,,3624,,,,,
10827,9437,9438,9439,9440,"0-0;",,,3625,,,,,
10232,9428,9429,9430,9431,"0-0;",,,3624,,,,,
10235,9437,9438,9439,9440,"0-0;",,,3625,,,,,
9670,9671,9669,,,"3006-1;3359-1;",,,,,,,,
14583,,14582,14584,14585,"3006-1;3608-2;",,,3620,,,,,
14586,,14582,14587,14588,"3006-1;3609-2;",,,3621,,,,,
14589,,14582,14590,14591,"3006-1;3610-2;",,,3622,,,,,
