id,name,npc_template_id,chat_delay_s,chat_range,is_random
1,"Preacher of Doom",31093,,,false
2,"Preacher of Doom",31172,,,false
3,"Preacher of Doom",31174,,,false
4,"Preacher of Doom",31176,,,false
5,"Preacher of Doom",31178,,,false
6,"Preacher of Doom",31180,,,false
7,"Preacher of Doom",31182,,,false
8,"Preacher of Doom",31184,,,false
9,"Preacher of Doom",31186,,,false
10,"Preacher of Doom",31188,,,false
11,"Preacher of Doom",31190,,,false
12,"Preacher of Doom",31192,,,false
13,"Preacher of Doom",31194,,,false
14,"Preacher of Doom",31196,,,false
15,"Preacher of Doom",31198,,,false
16,"Preacher of Doom",31200,,,false
17,"Orator of Revelations",31094,,,false
18,"Orator of Revelations",31173,,,false
19,"Orator of Revelations",31175,,,false
20,"Orator of Revelations",31177,,,false
21,"Orator of Revelations",31179,,,false
22,"Orator of Revelations",31181,,,false
23,"Orator of Revelations",31183,,,false
24,"Orator of Revelations",31185,,,false
25,"Orator of Revelations",31187,,,false
26,"Orator of Revelations",31189,,,false
27,"Orator of Revelations",31191,,,false
28,"Orator of Revelations",31193,,,false
29,"Orator of Revelations",31195,,,false
30,"Orator of Revelations",31197,,,false
31,"Orator of Revelations",31199,,,false
32,"Orator of Revelations",31201,,,false
