buff_template_id,position,skill_id,skill_name,skill_level,is_force_cast,min_player_level,max_player_level,race_mask,class_kind,required_faction,price_adena,price_faction_points
1,1,4322,"Wind Walk",1,true,6,62,0,0,0,0,0
1,2,4323,"Shield",1,true,6,62,0,0,0,0,0
1,3,5637,"Magic Barrier",1,true,6,62,0,0,0,0,0
1,4,4338,"Life Cubic",1,true,16,34,0,0,0,0,0
1,5,4324,"Bless the Body",1,true,6,62,0,1,0,0,0
1,6,4325,"Vampiric Rage",1,true,6,62,0,1,0,0,0
1,7,4326,"Regeneration",1,true,6,62,0,1,0,0,0
1,8,4327,"Haste",1,true,6,39,0,1,0,0,0
1,9,5632,"Haste",1,true,40,62,0,1,0,0,0
1,10,4328,"Bless the Soul",1,true,6,62,0,2,0,0,0
1,11,4329,"Acumen",1,true,6,62,0,2,0,0,0
1,12,4330,"Concentration",1,true,6,62,0,2,0,0,0
1,13,4331,"Empower",1,true,6,62,0,2,0,0,0
2,1,4322,"Wind Walk",1,true,6,62,0,0,0,0,0
2,2,4323,"Shield",1,true,6,62,0,0,0,0,0
2,3,5637,"Magic Barrier",1,true,6,62,0,0,0,0,0
2,4,4324,"Bless the Body",1,true,6,62,0,0,0,0,0
2,5,4325,"Vampiric Rage",1,true,6,62,0,0,0,0,0
2,6,4326,"Regeneration",1,true,6,62,0,0,0,0,0
2,7,4328,"Bless the Soul",1,true,6,62,0,0,0,0,0
2,8,4329,"Acumen",1,true,6,62,0,0,0,0,0
2,9,4330,"Concentration",1,true,6,62,0,0,0,0,0
2,10,4331,"Name",1,true,6,62,0,0,0,0,0
2,11,4327,"Haste",1,true,6,39,0,0,0,0,0
2,12,5632,"Haste",1,true,40,62,0,0,0,0,0
