clan_hall_id,id,npc_template_id,x,y,z,heading,respawn_delay_s
34,1,35413,178222,-14944,-2200,16384,7200
34,2,35413,178255,-14944,-2200,16384,7200
34,3,35413,178288,-14944,-2200,16384,7200
34,4,35413,178321,-14944,-2200,16384,7200
34,5,35413,178354,-14944,-2200,16384,7200
34,6,35413,178387,-14944,-2200,16384,7200
34,7,35413,178420,-14944,-2200,16384,7200
34,8,35413,178454,-14944,-2200,16384,7200
34,9,35413,178222,-14924,-2200,16384,7200
34,10,35413,178255,-14924,-2200,16384,7200
34,11,35413,178288,-14924,-2200,16384,7200
34,12,35413,178321,-14924,-2200,16384,7200
34,13,35413,178354,-14924,-2200,16384,7200
34,14,35413,178387,-14924,-2200,16384,7200
34,15,35413,178420,-14924,-2200,16384,7200
34,16,35413,178454,-14924,-2200,16384,7200
34,17,35412,178222,-14904,-2200,16384,7200
34,18,35412,178255,-14904,-2200,16384,7200
34,19,35412,178288,-14904,-2200,16384,7200
34,20,35412,178321,-14904,-2200,16384,7200
34,21,35412,178354,-14904,-2200,16384,7200
34,22,35412,178387,-14904,-2200,16384,7200
34,23,35412,178420,-14904,-2200,16384,7200
34,24,35412,178454,-14904,-2200,16384,7200
34,25,35412,178222,-14884,-2200,16384,7200
34,26,35412,178255,-14884,-2200,16384,7200
34,27,35412,178288,-14884,-2200,16384,7200
34,28,35412,178321,-14884,-2200,16384,7200
34,29,35412,178354,-14884,-2200,16384,7200
34,30,35412,178387,-14884,-2200,16384,7200
34,31,35412,178420,-14884,-2200,16384,7200
34,32,35412,178454,-14884,-2200,16384,7200
34,33,35413,178801,-14975,-2080,16384,7200
34,34,35413,178822,-14936,-2080,16384,7200
34,35,35413,178843,-14897,-2080,16384,7200
34,36,35413,178865,-14857,-2080,16384,7200
34,37,35413,178886,-14818,-2080,16384,7200
34,38,35413,178908,-14778,-2080,16384,7200
34,39,35413,178929,-14739,-2080,16384,7200
34,40,35413,178951,-14699,-2080,16384,7200
34,41,35413,177834,-15015,-2210,16384,7200
34,42,35413,177803,-14971,-2210,16384,7200
34,43,35413,177772,-14927,-2210,16384,7200
34,44,35413,177741,-14883,-2210,16384,7200
34,45,35413,177711,-14838,-2210,16384,7200
34,46,35413,177680,-14794,-2210,16384,7200
34,47,35413,177649,-14750,-2210,16384,7200
34,48,35413,177619,-14705,-2210,16384,7200
34,49,35413,178640,-18216,-2200,16384,7200
34,50,35413,178661,-18218,-2200,16384,7200
34,51,35413,178682,-18220,-2200,16384,7200
34,52,35413,178703,-18222,-2200,16384,7200
34,53,35413,178724,-18224,-2200,16384,7200
34,54,35413,178745,-18226,-2200,16384,7200
34,55,35413,178766,-18228,-2200,16384,7200
34,56,35413,178788,-18229,-2200,16384,7200
34,57,35414,178640,-18196,-2200,16384,7200
34,58,35414,178661,-18198,-2200,16384,7200
34,59,35414,178682,-18200,-2200,16384,7200
34,60,35414,178703,-18202,-2200,16384,7200
34,61,35414,178724,-18204,-2200,16384,7200
34,62,35414,178745,-18206,-2200,16384,7200
34,63,35414,178766,-18208,-2200,16384,7200
34,64,35414,178788,-18209,-2200,16384,7200
34,65,35412,178640,-18176,-2200,16384,7200
34,66,35412,178661,-18178,-2200,16384,7200
34,67,35412,178682,-18180,-2200,16384,7200
34,68,35412,178703,-18182,-2200,16384,7200
34,69,35412,178724,-18184,-2200,16384,7200
34,70,35412,178745,-18186,-2200,16384,7200
34,71,35412,178766,-18188,-2200,16384,7200
34,72,35412,178788,-18189,-2200,16384,7200
34,73,35413,177335,-17128,-2200,16384,7200
34,74,35413,177305,-17128,-2200,16384,7200
34,75,35413,177276,-17128,-2200,16384,7200
34,76,35413,177246,-17128,-2200,16384,7200
34,77,35413,177217,-17128,-2200,16384,7200
34,78,35413,177187,-17128,-2200,16384,7200
34,79,35413,177158,-17128,-2200,16384,7200
34,80,35413,177129,-17128,-2200,16384,7200
34,81,35414,177335,-17148,-2200,16384,7200
34,82,35414,177305,-17148,-2200,16384,7200
34,83,35414,177276,-17148,-2200,16384,7200
34,84,35414,177246,-17148,-2200,16384,7200
34,85,35414,177217,-17148,-2200,16384,7200
34,86,35414,177187,-17148,-2200,16384,7200
34,87,35414,177158,-17148,-2200,16384,7200
34,88,35414,177129,-17148,-2200,16384,7200
34,89,35412,177335,-17168,-2200,16384,7200
34,90,35412,177305,-17168,-2200,16384,7200
34,91,35412,177276,-17168,-2200,16384,7200
34,92,35412,177246,-17168,-2200,16384,7200
34,93,35412,177217,-17168,-2200,16384,7200
34,94,35412,177187,-17168,-2200,16384,7200
34,95,35412,177158,-17168,-2200,16384,7200
34,96,35412,177129,-17168,-2200,16384,7200
34,97,35413,177707,-15427,-2226,3000,7200
34,98,35413,177727,-15464,-2226,3000,7200
34,99,35413,177680,-15485,-2226,3000,7200
34,100,35413,177745,-15498,-2226,3000,7200
34,101,35413,177769,-15540,-2226,3000,7200
34,102,35413,177722,-15561,-2226,3000,7200
34,103,35413,177788,-15578,-2226,3000,7200
34,104,35413,177811,-15622,-2226,3000,7200
34,105,35413,177765,-15643,-2226,3000,7200
34,106,35413,177838,-15664,-2226,3000,7200
34,107,35413,177859,-15704,-2226,3000,7200
34,108,35413,177813,-15726,-2226,3000,7200
34,109,35413,177880,-15744,-2226,3000,7200
34,110,35413,177906,-15791,-2226,3000,7200
34,111,35413,177859,-15812,-2226,3000,7200
34,112,35411,177470,-15856,-2250,10000,7200
34,113,35411,177506,-15887,-2250,10000,7200
34,114,35411,177627,-15953,-2250,10000,7200
34,115,35411,177703,-15999,-2250,10000,7200
34,116,35411,177400,-15854,-2250,10000,7200
34,117,35411,177517,-15930,-2250,10000,7200
34,118,35411,177564,-15963,-2250,10000,7200
34,119,35411,177608,-15985,-2250,10000,7200
34,120,35411,177709,-16043,-2253,10000,7200
34,121,35411,177387,-15955,-2250,10000,7200
34,122,35411,177661,-16014,-2253,10000,7200
34,123,35411,177308,-15861,-2253,10000,7200
34,124,35411,177606,-16035,-2253,10000,7200
34,125,35411,177861,-16164,-2253,10000,7200
34,126,35411,177810,-16145,-2253,10000,7200
34,127,35411,177719,-15951,-2253,10000,7200
34,128,35411,177667,-15921,-2253,10000,7200
34,129,35415,177428,-15981,-2250,10000,7200
34,130,35415,177473,-16011,-2250,10000,7200
34,131,35415,177612,-16090,-2250,10000,7200
34,132,35415,177657,-16113,-2250,10000,7200
34,133,35415,177387,-15996,-2250,10000,7200
34,134,35415,177433,-16026,-2250,10000,7200
34,135,35415,177530,-16079,-2250,10000,7200
34,136,35415,177571,-16105,-2250,10000,7200
34,137,35415,177663,-16154,-2250,10000,7200
34,138,35413,179009,-15201,-2221,40000,7200
34,139,35413,179052,-15226,-2221,40000,7200
34,140,35413,179073,-15203,-2221,40000,7200
34,141,35413,179101,-15253,-2221,40000,7200
34,142,35413,179144,-15271,-2221,40000,7200
34,143,35413,179164,-15247,-2221,40000,7200
34,144,35413,179189,-15286,-2221,40000,7200
34,145,35413,179226,-15309,-2221,40000,7200
34,146,35413,179246,-15285,-2221,40000,7200
34,147,35413,179260,-15341,-2221,40000,7200
34,148,35413,179302,-15372,-2221,40000,7200
34,149,35413,179322,-15349,-2221,40000,7200
34,150,35413,179341,-15406,-2221,40000,7200
34,151,35413,179391,-15439,-2221,40000,7200
34,152,35411,179327,-16101,-2253,25000,7200
34,153,35411,179426,-16009,-2253,25000,7200
34,154,35415,179491,-15981,-2256,25000,7200
34,155,35415,179503,-15925,-2256,25000,7200
34,156,35415,179544,-15882,-2256,25000,7200
34,157,35415,179570,-15901,-2256,25000,7200
34,158,35415,179279,-16219,-2256,25000,7200
34,159,35415,179370,-16196,-2256,25000,7200
34,160,35415,179408,-16158,-2256,25000,7200
34,161,35415,179562,-15984,-2256,25000,7200
34,162,35415,179599,-15943,-2256,25000,7200
34,163,35411,179433,-16991,-2246,16384,7200
34,164,35411,179715,-17454,-2246,16384,7200
34,165,35411,179438,-16875,-2246,16384,7200
34,166,35411,179540,-16876,-2246,16384,7200
34,167,35411,179593,-16876,-2246,16384,7200
34,168,35411,179485,-17213,-2246,16384,7200
34,169,35411,179537,-17214,-2246,16384,7200
34,170,35411,179641,-17215,-2246,16384,7200
34,171,35411,179542,-17453,-2246,16384,7200
34,172,35411,179594,-17453,-2246,16384,7200
34,173,35411,179444,-16937,-2256,16384,7200
34,174,35411,179468,-17280,-2256,16384,7200
34,175,35411,179514,-17281,-2256,16384,7200
34,176,35411,179479,-17133,-2256,16384,7200
34,177,35411,179525,-17135,-2256,16384,7200
34,178,35415,179576,-17137,-2256,16384,7200
34,179,35415,179633,-17137,-2256,16384,7200
34,180,35415,179436,-17776,-2256,16384,7200
34,181,35415,179636,-17780,-2256,16384,7200
34,182,35415,179697,-17781,-2256,16384,7200
34,183,35415,179446,-17391,-2252,16384,7200
34,184,35415,179508,-17341,-2252,16384,7200
34,185,35415,179432,-17719,-2252,16384,7200
34,186,35415,179437,-17522,-2252,16384,7200
34,187,35415,179557,-17524,-2252,16384,7200
34,188,35415,179707,-17722,-2252,16384,7200
34,189,35415,179604,-17525,-2252,16384,7200
34,190,35415,179665,-17527,-2252,16384,7200
34,191,35415,179534,-17892,-2252,16384,7200
34,192,35415,179436,-17841,-2252,16384,7200
34,193,35415,179482,-17841,-2252,16384,7200
34,194,35415,179536,-17842,-2252,16384,7200
34,195,35415,179694,-17897,-2252,16384,7200
34,196,35415,179696,-17844,-2252,16384,7200
34,197,35413,178578,-18383,-2250,0,7200
34,198,35413,178577,-18422,-2250,0,7200
34,199,35413,178576,-18461,-2250,0,7200
34,200,35413,178575,-18500,-2250,0,7200
34,201,35413,178574,-18539,-2250,0,7200
34,202,35413,178573,-18577,-2250,0,7200
34,203,35413,178571,-18618,-2250,0,7200
34,204,35413,178571,-18657,-2250,0,7200
34,205,35413,178571,-18697,-2250,0,7200
34,206,35413,178570,-18736,-2250,0,7200
34,207,35413,178530,-18382,-2250,0,7200
34,208,35413,178530,-18421,-2250,0,7200
34,209,35413,178528,-18461,-2250,0,7200
34,210,35413,178528,-18499,-2250,0,7200
34,211,35413,178526,-18538,-2250,0,7200
34,212,35413,178526,-18576,-2250,0,7200
34,213,35413,178524,-18618,-2250,0,7200
34,214,35413,178523,-18656,-2250,0,7200
34,215,35413,178523,-18696,-2250,0,7200
34,216,35413,178523,-18735,-2250,0,7200
34,217,35413,178437,-16548,-2217,0,7200
34,218,35413,178437,-16587,-2217,0,7200
34,219,35413,178435,-16627,-2217,0,7200
34,220,35413,178435,-16665,-2217,0,7200
34,221,35413,178433,-16704,-2217,0,7200
34,222,35413,178433,-16742,-2217,0,7200
34,223,35413,178431,-16784,-2217,0,7200
34,224,35413,178431,-16822,-2217,0,7200
34,225,35413,178430,-16862,-2217,0,7200
34,226,35413,178430,-16901,-2217,0,7200
34,227,35413,178161,-16562,-2217,0,7200
34,228,35413,178160,-16600,-2217,0,7200
34,229,35413,178158,-16640,-2217,0,7200
34,230,35413,178158,-16679,-2217,0,7200
34,231,35413,178156,-16718,-2217,0,7200
34,232,35413,178156,-16756,-2217,0,7200
34,233,35413,178154,-16797,-2217,0,7200
34,234,35413,178154,-16836,-2217,0,7200
34,235,35413,178153,-16876,-2217,0,7200
34,236,35413,178153,-16914,-2217,0,7200
34,237,35413,177876,-16558,-2217,0,7200
34,238,35413,177876,-16597,-2217,0,7200
34,239,35413,177874,-16637,-2217,0,7200
34,240,35413,177873,-16675,-2217,0,7200
34,241,35413,177872,-16714,-2217,0,7200
34,242,35413,177871,-16752,-2217,0,7200
34,243,35413,177870,-16794,-2217,0,7200
34,244,35413,177869,-16832,-2217,0,7200
34,245,35413,177869,-16873,-2217,0,7200
34,246,35413,177868,-16911,-2217,0,7200
34,247,35411,178403,-16566,-2218,0,7200
34,248,35411,178398,-16781,-2218,0,7200
34,249,35411,178397,-16824,-2218,0,7200
34,250,35411,178395,-16865,-2218,0,7200
34,251,35411,178326,-16720,-2218,0,7200
34,252,35411,178324,-16762,-2218,0,7200
34,253,35411,178324,-16804,-2218,0,7200
34,254,35411,178122,-16672,-2218,0,7200
34,255,35411,178120,-16714,-2218,0,7200
34,256,35411,178122,-16759,-2218,0,7200
34,257,35411,178117,-16885,-2218,0,7200
34,258,35411,178061,-16738,-2218,0,7200
34,259,35411,178063,-16784,-2218,0,7200
34,260,35411,178060,-16826,-2218,0,7200
34,261,35411,178060,-16868,-2218,0,7200
34,262,35415,178366,-16582,-2217,0,7200
34,263,35415,178366,-16674,-2217,0,7200
34,264,35415,178366,-16721,-2217,0,7200
34,265,35415,178363,-16768,-2217,0,7200
34,266,35415,178290,-16550,-2217,0,7200
34,267,35415,178290,-16690,-2217,0,7200
34,268,35415,178288,-16783,-2217,0,7200
34,269,35415,178285,-16832,-2217,0,7200
34,270,35415,178095,-16736,-2217,0,7200
34,271,35415,178092,-16782,-2217,0,7200
34,272,35415,178090,-16878,-2217,0,7200
34,273,35415,178029,-16587,-2217,0,7200
34,274,35415,178029,-16727,-2217,0,7200
34,275,35415,178027,-16773,-2217,0,7200
34,276,35415,178027,-16820,-2217,0,7200
34,277,35413,177466,-17397,-2207,32768,7200
34,278,35415,177440,-17380,-2215,32768,7200
34,279,35416,177501,-17384,-2219,32768,7200
34,280,35415,177439,-17426,-2215,32768,7200
34,281,35415,177438,-17472,-2215,32768,7200
34,282,35415,177436,-17605,-2215,32768,7200
34,283,35415,177432,-17791,-2215,32768,7200
34,284,35415,177431,-17836,-2215,32768,7200
34,285,35415,177559,-17708,-2215,32768,7200
34,286,35415,177558,-17755,-2215,32768,7200
34,287,35415,177564,-17425,-2215,32768,7200
34,288,35415,177561,-17563,-2215,32768,7200
34,289,35413,177466,-17445,-2207,32768,7200
34,290,35413,177466,-17537,-2207,32768,7200
34,291,35413,177466,-17627,-2207,32768,7200
34,292,35413,177466,-17716,-2207,32768,7200
34,293,35413,177467,-17809,-2207,32768,7200
34,294,35413,177603,-17446,-2207,32768,7200
34,295,35413,177603,-17539,-2207,32768,7200
34,296,35413,177604,-17628,-2207,32768,7200
34,297,35413,177604,-17718,-2207,32768,7200
34,298,35413,177601,-17811,-2207,32768,7200
34,299,35413,177693,-17447,-2207,32768,7200
34,300,35413,177693,-17539,-2207,32768,7200
34,301,35413,177693,-17629,-2207,32768,7200
34,302,35413,177693,-17718,-2207,32768,7200
34,303,35413,177694,-17811,-2207,32768,7200
34,304,35413,177396,-17452,-2207,32768,7200
34,305,35413,177396,-17545,-2207,32768,7200
34,306,35413,177397,-17634,-2207,32768,7200
34,307,35413,177397,-17723,-2207,32768,7200
34,308,35413,177398,-17817,-2207,32768,7200
34,309,35413,177749,-17446,-2207,32768,7200
34,310,35413,177749,-17538,-2207,32768,7200
34,311,35413,177750,-17628,-2207,32768,7200
34,312,35413,177750,-17717,-2207,32768,7200
34,313,35413,177751,-17810,-2207,32768,7200
34,314,35415,177531,-17399,-2215,32768,7200
34,315,35415,177527,-17537,-2215,32768,7200
34,316,35415,177527,-17578,-2215,32768,7200
34,317,35415,177524,-17763,-2215,32768,7200
34,318,35415,177523,-17810,-2215,32768,7200
34,319,35415,177636,-17516,-2215,32768,7200
34,320,35415,177635,-17603,-2215,32768,7200
34,321,35415,177633,-17740,-2215,32768,7200
34,322,35415,177632,-17788,-2215,32768,7200
34,323,35415,177631,-17835,-2215,32768,7200
34,324,35416,177501,-17424,-2219,32768,7200
34,325,35416,177500,-17469,-2219,32768,7200
34,326,35416,177496,-17645,-2219,32768,7200
34,327,35416,177496,-17686,-2219,32768,7200
34,328,35416,177666,-17508,-2219,32768,7200
34,329,35416,177664,-17559,-2219,32768,7200
34,330,35416,177664,-17599,-2219,32768,7200
34,331,35416,177662,-17644,-2219,32768,7200
34,332,35416,177662,-17685,-2219,32768,7200
34,333,35416,177661,-17818,-2219,32768,7200
34,334,35416,177728,-17377,-2219,32768,7200
34,335,35416,177725,-17503,-2219,32768,7200
34,336,35416,177724,-17553,-2219,32768,7200
34,337,35416,177724,-17594,-2219,32768,7200
34,338,35416,177722,-17728,-2219,32768,7200
34,339,35416,177722,-17768,-2219,32768,7200
34,340,35416,177721,-17813,-2219,32768,7200
34,341,35416,177567,-17376,-2219,32768,7200
34,342,35416,177560,-17849,-2219,32768,7200
34,343,35410,178298,-17624,-2194,32768,7200
