fort_id,id,npc_template_id,x,y,z,heading,spawn_type,castle_id
101,1,35658,-53273,156650,-1896,62000,"NPC",
101,2,35659,-55097,157042,-2055,0,"SIEGE_NPC",
101,3,35660,-52128,157752,-2024,29864,"COMMANDER",
101,4,35661,-52435,155188,-1768,20000,"COMMANDER",
101,5,35662,-53944,155433,-2024,7304,"COMMANDER",
101,6,35664,-51269,157584,-2048,39999,"NPC",
101,7,35666,-53422,158079,-2055,51999,"NPC",
101,8,35667,-50640,156000,-2056,63088,"NPC",
101,9,35667,-50938,155810,-2056,30136,"NPC",
101,10,35668,-54608,157216,-2048,62984,"NPC",
101,11,35668,-54896,157008,-2048,29696,"NPC",
101,12,35669,-53351,156814,-2048,30248,"NPC",
101,13,35669,-52160,156176,-2048,62376,"NPC",
101,14,35669,-52272,156208,-2048,29344,"NPC",
101,15,35669,-53240,156729,-2048,62712,"NPC",
101,16,36393,-53083,156588,-1896,29256,"SPECIAL_ENVOY",1
101,17,36457,-53768,158042,-2048,62264,"NPC",
102,18,35689,-22256,219808,-3072,32904,"NPC",
102,19,35690,-19851,219526,-3249,0,"SIEGE_NPC",
102,20,35691,-22992,218160,-3208,0,"COMMANDER",
102,21,35692,-21328,218864,-2952,0,"COMMANDER",
102,22,35694,-21520,221504,-3208,45328,"COMMANDER",
102,23,35696,-24640,220960,-3232,60060,"NPC",
102,24,35698,-24128,221488,-3232,54428,"NPC",
102,25,35699,-20116,219724,-3232,0,"NPC",
102,26,35699,-20327,220028,-3232,33316,"NPC",
102,27,35700,-25038,219733,-3232,0,"NPC",
102,28,35700,-25246,220033,-3240,32608,"NPC",
102,29,35701,-23248,219696,-3232,0,"NPC",
102,30,35701,-23360,219904,-3232,32612,"NPC",
102,31,35701,-22176,219907,-3232,33500,"NPC",
102,32,35701,-22048,219696,-3232,0,"NPC",
102,33,36394,-22386,219807,-3079,0,"SPECIAL_ENVOY",1
102,34,36458,-23885,221728,-3232,32672,"NPC",
103,35,35727,16885,188473,-2760,42916,"NPC",
103,36,35728,15385,185797,-2924,0,"SIEGE_NPC",
103,37,35729,17984,187536,-2896,45056,"COMMANDER",
103,38,35730,15152,188128,-2640,0,"COMMANDER",
103,39,35731,16016,189520,-2888,0,"COMMANDER",
103,40,35733,17008,186240,-2920,16384,"NPC",
103,41,35735,18304,188604,-2920,36864,"NPC",
103,42,35736,18048,189792,-2920,10324,"NPC",
103,43,35736,17632,189760,-2920,45348,"NPC",
103,44,35737,15282,186259,-2920,43140,"NPC",
103,45,35737,15728,186352,-2920,12288,"NPC",
103,46,35738,16784,188544,-2920,43884,"NPC",
103,47,35738,17060,188551,-2920,11484,"NPC",
103,48,35738,16080,187568,-2920,42884,"NPC",
103,49,35738,16368,187568,-2920,10432,"NPC",
103,50,36395,16789,188336,-2766,0,"SPECIAL_ENVOY",2
103,51,36459,18397,188339,-2920,42948,"NPC",
104,52,35758,126080,123808,-2424,48972,"NPC",
104,53,35759,126169,120315,-2587,49024,"SIEGE_NPC",
104,54,35760,124299,123614,-2552,49192,"COMMANDER",
104,55,35761,124768,121856,-2296,0,"COMMANDER",
104,56,35763,124768,124640,-2552,54480,"COMMANDER",
104,57,35765,127920,124384,-2584,36616,"NPC",
104,58,35767,128106,122635,-2588,33036,"NPC",
104,59,35768,126208,120768,-2584,16384,"NPC",
104,60,35768,125904,120544,-2584,49024,"NPC",
104,61,35769,125920,125483,-2584,49024,"NPC",
104,62,35769,126208,125680,-2584,16384,"NPC",
104,63,35770,126186,122800,-2584,16384,"NPC",
104,64,35770,125974,122689,-2584,49024,"NPC",
104,65,35770,125974,123879,-2584,49024,"NPC",
104,66,35770,126177,124007,-2584,16384,"NPC",
104,67,36396,126076,123664,-2427,16564,"SPECIAL_ENVOY",3
104,68,36460,128133,122310,-2584,48972,"NPC",
105,69,35796,72544,4608,-2888,56456,"NPC",
105,70,35797,71297,6147,-3031,0,"SIEGE_NPC",
105,71,35798,73788,5479,-3016,55136,"COMMANDER",
105,72,35799,72400,2896,-2760,0,"COMMANDER",
105,73,35800,71264,4144,-3008,0,"COMMANDER",
105,74,35802,74736,4160,-3040,34596,"NPC",
105,75,35804,73119,6121,-3047,46480,"NPC",
105,76,35805,71536,5808,-3040,56456,"NPC",
105,77,35805,71634,6146,-3040,23840,"NPC",
105,78,35806,74256,2960,-3040,23657,"NPC",
105,79,35806,74164,2606,-3040,56453,"NPC",
105,80,35807,73281,3925,-3040,23840,"NPC",
105,81,35807,73194,3703,-3040,56456,"NPC",
105,82,35807,72430,4624,-3040,56456,"NPC",
105,83,35807,72532,4853,-3040,23840,"NPC",
105,84,36461,73470,6019,-3040,56456,"NPC",
106,85,35827,154544,55600,-3096,58368,"NPC",
106,86,35828,156855,54012,-3254,0,"SIEGE_NPC",
106,87,35829,155576,56592,-3224,59224,"COMMANDER",
106,88,35830,154704,53856,-2968,0,"COMMANDER",
106,89,35831,153328,54848,-3216,5512,"COMMANDER",
106,90,35833,156768,55552,-3256,32252,"NPC",
106,91,35835,154800,57146,-3257,49096,"NPC",
106,92,35836,153312,56544,-3256,58368,"NPC",
106,93,35836,153328,56896,-3256,25416,"NPC",
106,94,35837,156496,53920,-3256,58368,"NPC",
106,95,35837,156528,54272,-3256,25416,"NPC",
106,96,35838,155385,55045,-3248,25416,"NPC",
106,97,35838,155328,54800,-3256,58368,"NPC",
106,98,35838,154407,55563,-3248,58368,"NPC",
106,99,35838,154468,55805,-3256,25416,"NPC",
106,100,36462,155166,57115,-3256,58368,"NPC",
107,101,35858,189968,40224,-3248,0,"NPC",
107,102,35859,190035,36806,-3411,0,"SIEGE_NPC",
107,103,35860,188160,39920,-3376,49284,"COMMANDER",
107,104,35861,188624,38240,-3128,0,"COMMANDER",
107,105,35863,188626,41066,-3376,57140,"COMMANDER",
107,106,35865,191760,40752,-3408,39112,"NPC",
107,107,35867,190992,41376,-3412,45180,"NPC",
107,108,35868,189776,41872,-3408,49148,"NPC",
107,109,35868,190048,42064,-3408,16316,"NPC",
107,110,35869,189776,36960,-3408,49148,"NPC",
107,111,35869,190048,37152,-3408,16316,"NPC",
107,112,35870,189812,39071,-3408,49148,"NPC",
107,113,35870,190044,39197,-3408,16316,"NPC",
107,114,35870,189825,40269,-3408,49148,"NPC",
107,115,35870,190048,40400,-3408,16316,"NPC",
107,116,36463,190798,41513,-3408,49148,"NPC",
108,117,35896,118827,205186,-3176,38352,"NPC",
108,118,35897,116464,203711,-3335,0,"SIEGE_NPC",
108,119,35898,118880,203568,-3304,5396,"COMMANDER",
108,120,35899,117216,205648,-3048,0,"COMMANDER",
108,121,35900,118560,206560,-3304,48872,"COMMANDER",
108,122,35902,120160,204256,-3336,30272,"NPC",
108,123,35904,118138,203228,-3336,17176,"NPC",
108,124,35905,120113,205939,-3336,38352,"NPC",
108,125,35905,120407,205831,-3336,5396,"NPC",
108,126,35906,116741,203878,-3336,5396,"NPC",
108,127,35906,116460,203986,-3336,38352,"NPC",
108,128,35907,117785,204712,-3336,38352,"NPC",
108,129,35907,117980,204551,-3328,5396,"NPC",
108,130,35907,118832,205280,-3328,38352,"NPC",
108,131,35907,119040,205120,-3336,5396,"NPC",
108,132,36464,117889,203183,-3336,38352,"NPC",
109,133,35927,158720,-70032,-2704,59020,"NPC",
109,134,35928,157037,-69060,-2865,0,"SIEGE_NPC",
109,135,35929,157968,-71659,-2832,59020,"COMMANDER",
109,136,35930,159664,-72224,-2584,0,"COMMANDER",
109,137,35932,157312,-70640,-2832,0,"COMMANDER",
109,138,35934,159312,-68240,-2864,49028,"NPC",
109,139,35936,160832,-69056,-2866,42144,"NPC",
109,140,35937,157293,-69255,-2864,59020,"NPC",
109,141,35937,157280,-68912,-2864,27244,"NPC",
109,142,35938,161373,-71636,-2864,27244,"NPC",
109,143,35938,161371,-71992,-2864,59020,"NPC",
109,144,35939,158672,-69856,-2864,27244,"NPC",
109,145,35939,158635,-70096,-2864,59020,"NPC",
109,146,35939,159632,-70761,-2864,59020,"NPC",
109,147,35939,159670,-70518,-2864,27244,"NPC",
109,148,36465,161130,-69197,-2864,59020,"NPC",
110,149,35965,70062,-60958,-2624,45292,"NPC",
110,150,35966,68833,-64019,-2786,0,"SIEGE_NPC",
110,151,35967,71248,-62352,-2752,12388,"COMMANDER",
110,152,35968,71264,-60512,-2504,0,"COMMANDER",
110,153,35970,68688,-59648,-2752,56012,"COMMANDER",
110,154,35972,70144,-63584,-2784,18252,"NPC",
110,155,35974,70944,-63168,-2784,25448,"NPC",
110,156,35975,68995,-63605,-2784,12388,"NPC",
110,157,35975,68668,-63690,-2784,45292,"NPC",
110,158,35976,70884,-59059,-2784,12388,"NPC",
110,159,35976,70535,-59147,-2784,45292,"NPC",
110,160,35977,70194,-60871,-2784,12388,"NPC",
110,161,35977,69936,-60882,-2784,45292,"NPC",
110,162,35977,69736,-61986,-2784,12388,"NPC",
110,163,35977,69472,-61984,-2784,45292,"NPC",
110,164,36466,71273,-62968,-2784,45292,"NPC",
111,165,36003,109024,-141072,-2800,62612,"NPC",
111,166,36004,107133,-140522,-2960,0,"SIEGE_NPC",
111,167,36005,109600,-139735,-2928,62612,"COMMANDER",
111,168,36006,109856,-142640,-2672,0,"COMMANDER",
111,169,36007,108223,-142209,-2920,8524,"COMMANDER",
111,170,36009,108544,-139488,-2952,55116,"NPC",
111,171,36011,110859,-139960,-2952,40492,"NPC",
111,172,36012,111383,-141559,-2960,29804,"NPC",
111,173,36012,111494,-141882,-2952,62612,"NPC",
111,174,36013,107424,-140362,-2960,29804,"NPC",
111,175,36013,107538,-140682,-2960,62612,"NPC",
111,176,36014,110078,-141517,-2952,62612,"NPC",
111,177,36014,108896,-140928,-2952,29804,"NPC",
111,178,36014,108931,-141177,-2952,62612,"NPC",
111,179,36014,110048,-141271,-2952,29804,"NPC",
111,180,36467,111163,-140542,-2952,62612,"NPC",
112,181,36034,5136,149728,-2728,0,"NPC",
112,182,36035,7736,150907,-2891,0,"SIEGE_NPC",
112,183,36036,7006,148242,-2856,32768,"COMMANDER",
112,184,36037,6528,151872,-2608,0,"COMMANDER",
112,185,36039,4384,150992,-2856,0,"COMMANDER",
112,186,36041,5968,146864,-2888,19216,"NPC",
112,187,36043,4320,150032,-2892,0,"NPC",
112,188,36044,7345,150866,-2888,32768,"NPC",
112,189,36044,7552,150601,-2888,0,"NPC",
112,190,36045,3905,148865,-2888,32768,"NPC",
112,191,36045,4101,148594,-2888,0,"NPC",
112,192,36046,6257,149635,-2888,0,"NPC",
112,193,36046,6165,149868,-2888,32768,"NPC",
112,194,36046,5065,149635,-2888,0,"NPC",
112,195,36046,4962,149869,-2888,32768,"NPC",
112,196,36468,4326,149651,-2888,0,"NPC",
113,197,36072,-53232,91696,-2664,49152,"NPC",
113,198,36073,-54084,89396,-2823,0,"SIEGE_NPC",
113,199,36074,-55791,91856,-2792,0,"COMMANDER",
113,200,36075,-55248,90496,-2536,0,"COMMANDER",
113,201,36077,-54168,92604,-2784,49196,"COMMANDER",
113,202,36079,-52080,89808,-2824,16384,"NPC",
113,203,36081,-50544,91424,-2824,32768,"NPC",
113,204,36082,-52404,92892,-2824,49151,"NPC",
113,205,36082,-52121,93104,-2816,16384,"NPC",
113,206,36083,-54393,89462,-2824,49151,"NPC",
113,207,36083,-54092,89676,-2824,16384,"NPC",
113,208,36084,-53118,91881,-2824,16384,"NPC",
113,209,36084,-53116,90671,-2816,16384,"NPC",
113,210,36084,-53352,90572,-2824,49151,"NPC",
113,211,36084,-53348,91765,-2816,49151,"NPC",
113,212,36469,-50510,91023,-2824,49152,"NPC",
114,213,36110,60379,139950,-1592,46872,"NPC",
114,214,36111,59061,137760,-1756,0,"SIEGE_NPC",
114,215,36112,61864,139257,-1728,46896,"COMMANDER",
114,216,36113,58480,139648,-1464,0,"COMMANDER",
114,217,36114,59436,140834,-1720,47296,"COMMANDER",
114,218,36116,60576,138064,-1752,16532,"NPC",
114,219,36118,60400,140688,-1757,48196,"NPC",
114,220,36119,61696,140832,-1752,14120,"NPC",
114,221,36119,61395,140689,-1752,46936,"NPC",
114,222,36120,58828,138054,-1752,46872,"NPC",
114,223,36120,59137,138189,-1752,14120,"NPC",
114,224,36121,60265,139991,-1752,46872,"NPC",
114,225,36121,60522,140048,-1752,14480,"NPC",
114,226,36121,60042,138817,-1752,46872,"NPC",
114,227,36121,60285,138872,-1752,14480,"NPC",
114,228,36470,60145,140737,-1752,46872,"NPC",
115,229,36141,11537,95509,-3264,49151,"NPC",
115,230,36142,12196,93188,-3421,50504,"SIEGE_NPC",
115,231,36143,9472,94992,-3392,0,"COMMANDER",
115,232,36144,13184,94928,-3144,0,"COMMANDER",
115,233,36145,12829,96214,-3392,49152,"COMMANDER",
115,234,36147,10112,93760,-3424,16384,"NPC",
115,235,36149,9485,96089,-3424,57220,"NPC",
115,236,36150,12633,93599,-3424,16384,"NPC",
115,237,36150,12365,93398,-3424,49151,"NPC",
115,238,36151,10615,96684,-3424,16384,"NPC",
115,239,36151,10344,96478,-3424,49151,"NPC",
115,240,36152,11654,95634,-3424,16384,"NPC",
115,241,36152,11422,95531,-3424,49151,"NPC",
115,242,36152,11660,94437,-3424,16384,"NPC",
115,243,36152,11420,94333,-3424,49151,"NPC",
115,244,36441,11471,95305,-3270,16384,"SPECIAL_ENVOY",2
115,245,36442,11594,95305,-3270,16384,"SPECIAL_ENVOY",4
115,246,36471,9203,95842,-3424,49151,"NPC",
116,247,36172,79686,91280,-2720,37660,"NPC",
116,248,36173,77904,89043,-2886,0,"SIEGE_NPC",
116,249,36174,77262,91704,-2856,5112,"COMMANDER",
116,250,36175,79440,88752,-2600,0,"COMMANDER",
116,251,36177,80929,90510,-2856,40192,"COMMANDER",
116,252,36179,77600,93440,-2880,57688,"NPC",
116,253,36181,76848,92624,-2880,62456,"NPC",
116,254,36182,80031,92773,-2880,37568,"NPC",
116,255,36182,80329,92637,-2880,5012,"NPC",
116,256,36183,78231,89249,-2880,5012,"NPC",
116,257,36183,77927,89390,-2880,37920,"NPC",
116,258,36184,78812,90685,-2880,5012,"NPC",
116,259,36184,79666,91408,-2880,37660,"NPC",
116,260,36184,78611,90849,-2880,37660,"NPC",
116,261,36184,79865,91249,-2880,5012,"NPC",
116,262,36472,76880,92931,-2880,37660,"NPC",
117,263,36210,111368,-14624,-832,49151,"NPC",
117,264,36211,112496,-17283,-996,0,"SIEGE_NPC",
117,265,36212,109872,-16624,-968,16384,"COMMANDER",
117,266,36213,113481,-16058,-712,0,"COMMANDER",
117,267,36215,112601,-13933,-960,49152,"COMMANDER",
117,268,36217,108496,-15504,-992,0,"NPC",
117,269,36219,108880,-16492,-992,8356,"NPC",
117,270,36220,110219,-13636,-992,49151,"NPC",
117,271,36220,110478,-13435,-992,16384,"NPC",
117,272,36221,112216,-17087,-992,49151,"NPC",
117,273,36221,112482,-16883,-992,16384,"NPC",
117,274,36222,111248,-15800,-992,49151,"NPC",
117,275,36222,111487,-15701,-992,16384,"NPC",
117,276,36222,111253,-14604,-992,49151,"NPC",
117,277,36222,111486,-14503,-992,16384,"NPC",
117,278,36473,108614,-16342,-992,49151,"NPC",
118,279,36248,125246,95621,-1976,49151,"NPC",
118,280,36249,124379,93288,-2148,0,"SIEGE_NPC",
118,281,36250,122688,95760,-2112,0,"COMMANDER",
118,282,36251,123232,94400,-1856,0,"COMMANDER",
118,283,36253,124305,96528,-2104,49151,"COMMANDER",
118,284,36255,126384,93728,-2144,16384,"NPC",
118,285,36257,127968,95328,-2144,32768,"NPC",
118,286,36258,124357,93571,-2144,16384,"NPC",
118,287,36258,124080,93379,-2144,49151,"NPC",
118,288,36259,126328,97008,-2144,16384,"NPC",
118,289,36259,126064,96813,-2144,49151,"NPC",
118,290,36260,125128,94482,-2144,49151,"NPC",
118,291,36260,125364,95782,-2144,16384,"NPC",
118,292,36260,125131,95677,-2136,49151,"NPC",
118,293,36260,125365,94582,-2136,16384,"NPC",
118,294,36474,128023,94941,-2144,49151,"NPC",
119,295,36286,72834,186402,-2424,54844,"NPC",
119,296,36287,72733,188012,-2584,0,"SIEGE_NPC",
119,297,36288,71392,184720,-2552,5528,"COMMANDER",
119,298,36289,74288,186912,-2296,0,"COMMANDER",
119,299,36290,71542,186410,-2552,55088,"COMMANDER",
119,300,36292,74832,185648,-2584,24516,"NPC",
119,301,36294,70768,185632,-2584,63668,"NPC",
119,302,36295,73081,188000,-2584,22248,"NPC",
119,303,36295,72974,187690,-2584,54844,"NPC",
119,304,36296,73127,184321,-2584,22248,"NPC",
119,305,36296,73008,184000,-2584,54844,"NPC",
119,306,36297,73523,185589,-2576,22248,"NPC",
119,307,36297,73376,185380,-2584,54844,"NPC",
119,308,36297,72713,186369,-2576,54844,"NPC",
119,309,36297,72851,186593,-2584,22248,"NPC",
119,310,36475,70720,185261,-2584,54844,"NPC",
120,311,36317,100213,-55318,-488,0,"NPC",
120,312,36318,98764,-56536,-671,0,"SIEGE_NPC",
120,313,36319,100688,-57440,-616,16384,"COMMANDER",
120,314,36320,100752,-53664,-360,0,"COMMANDER",
120,315,36322,99484,-54027,-616,0,"COMMANDER",
120,316,36324,101952,-56752,-640,32768,"NPC",
120,317,36326,99600,-57360,-648,8476,"NPC",
120,318,36327,102103,-54225,-640,32768,"NPC",
120,319,36327,102308,-54490,-640,0,"NPC",
120,320,36328,99016,-56242,-632,32768,"NPC",
120,321,36328,99229,-56507,-640,0,"NPC",
120,322,36329,101363,-55435,-640,0,"NPC",
120,323,36329,101268,-55199,-640,32768,"NPC",
120,324,36329,100168,-55434,-640,0,"NPC",
120,325,36329,100064,-55200,-640,32768,"NPC",
120,326,36476,99834,-57649,-648,0,"NPC",
121,327,36355,72365,-94294,-1264,44872,"NPC",
121,328,36356,71817,-92570,-1423,0,"SIEGE_NPC",
121,329,36357,70189,-93935,-1400,61576,"COMMANDER",
121,330,36358,73680,-95456,-1144,0,"COMMANDER",
121,331,36360,73831,-94119,-1400,45536,"COMMANDER",
121,332,36362,70384,-95360,-1424,11308,"NPC",
121,333,36364,70704,-92960,-1424,53872,"NPC",
121,334,36365,71641,-92931,-1424,44872,"NPC",
121,335,36365,71971,-92846,-1424,12456,"NPC",
121,336,36366,72323,-96557,-1424,44872,"NPC",
121,337,36366,72653,-96469,-1424,12456,"NPC",
121,338,36367,72264,-94213,-1424,44872,"NPC",
121,339,36367,72066,-95317,-1424,12456,"NPC",
121,340,36367,71810,-95321,-1424,44872,"NPC",
121,341,36367,72526,-94209,-1424,12456,"NPC",
121,342,36477,70350,-93054,-1424,44872,"NPC",
