fort_id,id,name,x,y,z,range_x_min,range_y_min,range_z_min,range_x_max,range_y_max,range_z_max,hp,p_def,m_def,is_unlockable,starts_open,object_type
113,18200001,"Gate_of_fort",-54247,89585,-2870,-54248,89584,-2871,-54246,89586,-2869,67884,644,518,false,false,"DOOR"
113,18200002,"Gate_of_fort",-53312,91823,-2849,-53313,91822,-2850,-53311,91824,-2848,67884,644,518,true,true,"DOOR"
113,18200003,"Gate_of_fort",-53154,91823,-2849,-53155,91822,-2850,-53153,91824,-2848,67884,644,518,true,true,"DOOR"
113,18200004,"Gate_of_fort",-51513,90259,-2851,-51514,90258,-2852,-51512,90260,-2850,67884,644,518,true,false,"DOOR"
113,18200005,"Gate_of_fort",-51513,90417,-2851,-51514,90416,-2852,-51512,90418,-2850,67884,644,518,true,false,"DOOR"
113,18200006,"Gate_of_fort",-55123,91775,-2819,-55124,91774,-2820,-55122,91776,-2818,67884,644,518,true,false,"DOOR"
113,18200007,"Gate_of_fort",-55123,91933,-2819,-55124,91932,-2820,-55122,91934,-2818,67884,644,518,true,false,"DOOR"
113,18200008,"Gate_of_fort",-51146,91961,-2811,-51147,91960,-2812,-51145,91962,-2810,67884,644,518,true,false,"DOOR"
113,18200009,"Gate_of_fort",-51259,92074,-2811,-51260,92073,-2812,-51258,92075,-2810,67884,644,518,true,false,"DOOR"
113,18200010,"Gate_of_fort",-52256,92985,-2869,-52257,92984,-2870,-52255,92986,-2868,67884,644,518,false,false,"DOOR"
113,18200011,"Gate_of_fort",-53318,90621,-2849,-53319,90620,-2850,-53317,90622,-2848,67884,644,518,true,true,"DOOR"
113,18200012,"Gate_of_fort",-53160,90621,-2849,-53161,90620,-2850,-53159,90622,-2848,67884,644,518,true,true,"DOOR"
113,18200500,"CloudMountain_flagpole",-53230,91229,-1899,-53231,91228,-1900,-53229,91230,-1898,0,0,0,false,false,"FLAG_POLE"
101,18220001,"Gate_of_fort",-50796,155913,-2102,-50797,155912,-2103,-50795,155914,-2101,67884,644,518,false,false,"DOOR"
101,18220002,"Gate_of_fort",-53359,156592,-2081,-53360,156591,-2082,-53358,156593,-2080,67884,644,518,true,true,"DOOR"
101,18220003,"Gate_of_fort",-53313,156743,-2081,-53314,156742,-2082,-53312,156744,-2080,67884,644,518,true,true,"DOOR"
101,18220004,"Gate_of_fort",-52211,156244,-2081,-52212,156243,-2082,-52210,156245,-2080,67884,644,518,true,true,"DOOR"
101,18220005,"Gate_of_fort",-52165,156395,-2081,-52166,156394,-2082,-52164,156396,-2080,67884,644,518,true,true,"DOOR"
101,18220006,"Gate_of_fort",-52817,157874,-2053,-52818,157873,-2054,-52816,157875,-2052,67884,644,518,true,false,"DOOR"
101,18220007,"Gate_of_fort",-52771,158025,-2053,-52772,158024,-2054,-52770,158026,-2052,67884,644,518,true,false,"DOOR"
101,18220008,"Gate_of_fort",-54738,157112,-2102,-54739,157111,-2103,-54737,157113,-2101,67884,644,518,false,false,"DOOR"
101,18220500,"Shanty_flagpole",-52752,156493,-1130,-52753,156492,-1131,-52751,156494,-1129,0,0,0,false,false,"FLAG_POLE"
102,19240001,"Gate_of_fort",-22326,218062,-3237,-22327,218061,-3238,-22325,218063,-3236,67884,644,518,true,false,"DOOR"
102,19240002,"Gate_of_fort",-22326,218220,-3237,-22327,218219,-3238,-22325,218221,-3236,67884,644,518,true,false,"DOOR"
102,19240003,"Gate_of_fort",-23550,218784,-3263,-23551,218783,-3264,-23549,218785,-3262,67884,644,518,true,false,"DOOR"
102,19240004,"Gate_of_fort",-23550,218940,-3263,-23551,218939,-3264,-23549,218941,-3262,67884,644,518,true,false,"DOOR"
102,19240005,"Gate_of_fort",-25126,219880,-3291,-25127,219879,-3292,-25125,219881,-3290,67884,644,518,false,false,"DOOR"
102,19240006,"Gate_of_fort",-22106,219722,-3264,-22107,219721,-3265,-22105,219723,-3263,67884,644,518,true,true,"DOOR"
102,19240007,"Gate_of_fort",-22106,219880,-3264,-22107,219879,-3265,-22105,219881,-3263,67884,644,518,true,true,"DOOR"
102,19240008,"Gate_of_fort",-23305,219722,-3264,-23306,219721,-3265,-23304,219723,-3263,67884,644,518,true,true,"DOOR"
102,19240009,"Gate_of_fort",-23305,219880,-3264,-23306,219879,-3265,-23304,219881,-3263,67884,644,518,true,true,"DOOR"
102,19240010,"Gate_of_fort",-20241,219888,-3288,-20242,219887,-3289,-20240,219889,-3287,67884,644,518,false,false,"DOOR"
102,19240011,"Gate_of_fort",-23211,221582,-3227,-23212,221581,-3228,-23210,221583,-3226,67884,644,518,true,false,"DOOR"
102,19240012,"Gate_of_fort",-23211,221740,-3227,-23212,221739,-3228,-23210,221741,-3226,67884,644,518,true,false,"DOOR"
102,19240500,"Southern_flagpole",-22702,219801,-2314,-22703,219800,-2315,-22701,219802,-2313,0,0,0,false,false,"FLAG_POLE"
115,20200001,"Gate_of_fort",12503,93513,-3475,12502,93512,-3476,12504,93514,-3474,67884,644,518,false,false,"DOOR"
115,20200002,"Gate_of_fort",11458,95587,-3454,11457,95586,-3455,11459,95588,-3453,67884,644,518,true,true,"DOOR"
115,20200003,"Gate_of_fort",11616,95587,-3454,11615,95586,-3455,11617,95588,-3453,67884,644,518,true,true,"DOOR"
115,20200004,"Gate_of_fort",10128,94936,-3426,10127,94935,-3427,10129,94937,-3425,67884,644,518,true,false,"DOOR"
115,20200005,"Gate_of_fort",10128,95094,-3426,10127,95093,-3427,10129,95095,-3425,67884,644,518,true,false,"DOOR"
115,20200006,"Gate_of_fort",11458,94386,-3454,11457,94385,-3455,11459,94387,-3453,67884,644,518,true,true,"DOOR"
115,20200007,"Gate_of_fort",11616,94386,-3454,11615,94385,-3455,11617,94387,-3453,67884,644,518,true,true,"DOOR"
115,20200008,"Gate_of_fort",10493,96565,-3475,10492,96564,-3476,10494,96566,-3474,67884,644,518,false,false,"DOOR"
115,20200500,"Dragonspine_flagpole",11546,95030,-2498,11545,95029,-2499,11547,95031,-2497,0,0,0,false,false,"FLAG_POLE"
112,20220017,"Gate_of_fort",4738,147966,-2918,4737,147965,-2919,4739,147967,-2917,67884,644,518,true,false,"DOOR"
112,20220018,"Gate_of_fort",4896,147966,-2918,4895,147965,-2919,4897,147967,-2917,67884,644,518,true,false,"DOOR"
112,20220019,"Gate_of_fort",6381,148169,-2889,6380,148168,-2890,6382,148170,-2888,67884,644,518,true,false,"DOOR"
112,20220020,"Gate_of_fort",6381,148327,-2889,6380,148326,-2890,6382,148328,-2888,67884,644,518,true,false,"DOOR"
112,20220021,"Gate_of_fort",4016,148732,-2938,4015,148731,-2939,4017,148733,-2937,67884,644,518,false,false,"DOOR"
112,20220022,"Gate_of_fort",6212,149673,-2917,6211,149672,-2918,6213,149674,-2916,67884,644,518,true,true,"DOOR"
112,20220023,"Gate_of_fort",6212,149831,-2917,6211,149830,-2918,6213,149832,-2916,67884,644,518,true,true,"DOOR"
112,20220024,"Gate_of_fort",5011,149673,-2917,5010,149672,-2918,5012,149674,-2916,67884,644,518,true,true,"DOOR"
112,20220025,"Gate_of_fort",5011,149831,-2917,5010,149830,-2918,5012,149832,-2916,67884,644,518,true,true,"DOOR"
112,20220026,"Gate_of_fort",7439,150734,-2938,7438,150733,-2939,7440,150735,-2937,67884,644,518,false,false,"DOOR"
112,20220027,"Gate_of_fort",5135,151876,-2879,5134,151875,-2880,5136,151877,-2878,67884,644,518,true,false,"DOOR"
112,20220028,"Gate_of_fort",5293,151876,-2879,5292,151875,-2880,5294,151877,-2878,67884,644,518,true,false,"DOOR"
112,20220500,"Floran_flagpole",5606,149756,-1967,5605,149755,-1968,5607,149757,-1966,0,0,0,false,false,"FLAG_POLE"
103,20230003,"Gate_of_fort",15546,186351,-2972,15545,186350,-2973,15547,186352,-2971,67884,644,518,false,false,"DOOR"
103,20230004,"Gate_of_fort",16180,187607,-2952,16179,187606,-2953,16181,187608,-2951,67884,644,518,true,true,"DOOR"
103,20230005,"Gate_of_fort",16312,187520,-2952,16311,187519,-2953,16313,187521,-2951,67884,644,518,true,true,"DOOR"
103,20230006,"Gate_of_fort",17540,187015,-2923,17539,187014,-2924,17541,187016,-2922,67884,644,518,true,false,"DOOR"
103,20230007,"Gate_of_fort",17670,186928,-2923,17669,186927,-2924,17671,186929,-2922,67884,644,518,true,false,"DOOR"
103,20230008,"Gate_of_fort",16848,188606,-2952,16847,188605,-2953,16849,188607,-2951,67884,644,518,true,true,"DOOR"
103,20230009,"Gate_of_fort",16979,188518,-2952,16978,188517,-2953,16980,188519,-2951,67884,644,518,true,true,"DOOR"
103,20230010,"Gate_of_fort",17826,189764,-2972,17825,189763,-2973,17827,189765,-2971,67884,644,518,false,false,"DOOR"
103,20230500,"Hive_flagpole",16585,188066,-2002,16584,188065,-2003,16586,188067,-2001,0,0,0,false,false,"FLAG_POLE"
114,21220001,"Gate_of_fort",58984,138135,-1803,58983,138134,-1804,58985,138136,-1802,67884,644,518,false,false,"DOOR"
114,21220002,"Gate_of_fort",60320,140038,-1782,60319,140037,-1783,60321,140039,-1781,67884,644,518,true,true,"DOOR"
114,21220003,"Gate_of_fort",60474,140007,-1782,60473,140006,-1783,60475,140008,-1781,67884,644,518,true,true,"DOOR"
114,21220004,"Gate_of_fort",61655,138596,-1754,61654,138595,-1755,61656,138597,-1753,67884,644,518,true,false,"DOOR"
114,21220005,"Gate_of_fort",61809,138565,-1754,61808,138564,-1755,61810,138566,-1753,67884,644,518,true,false,"DOOR"
114,21220006,"Gate_of_fort",60086,138864,-1782,60085,138863,-1783,60087,138865,-1781,67884,644,518,true,true,"DOOR"
114,21220007,"Gate_of_fort",60240,138833,-1782,60239,138832,-1783,60241,138834,-1781,67884,644,518,true,true,"DOOR"
114,21220008,"Gate_of_fort",61544,140749,-1803,61543,140748,-1804,61545,140750,-1802,67884,644,518,false,false,"DOOR"
114,21220500,"Tanor_flagpole",60280,139444,-832,60279,139443,-833,60281,139445,-831,0,0,0,false,false,"FLAG_POLE"
121,22150001,"Gate_of_fort",72491,-96493,-1478,72490,-96494,-1479,72492,-96492,-1477,67884,644,518,false,false,"DOOR"
121,22150002,"Gate_of_fort",72324,-94183,-1456,72323,-94184,-1457,72325,-94182,-1455,67884,644,518,true,true,"DOOR"
121,22150003,"Gate_of_fort",72470,-94243,-1456,72469,-94244,-1457,72471,-94242,-1455,67884,644,518,true,true,"DOOR"
121,22150004,"Gate_of_fort",70847,-94274,-1428,70846,-94275,-1429,70848,-94273,-1427,67884,644,518,true,false,"DOOR"
121,22150005,"Gate_of_fort",70907,-94128,-1428,70906,-94129,-1429,70908,-94127,-1427,67884,644,518,true,false,"DOOR"
121,22150006,"Gate_of_fort",71864,-95290,-1456,71863,-95291,-1457,71865,-95289,-1455,67884,644,518,true,true,"DOOR"
121,22150007,"Gate_of_fort",72010,-95351,-1456,72009,-95352,-1457,72011,-95350,-1455,67884,644,518,true,true,"DOOR"
121,22150008,"Gate_of_fort",71795,-92905,-1477,71794,-92906,-1478,71796,-92904,-1476,67884,644,518,false,false,"DOOR"
121,22150500,"Monastic_flagpole",72173,-94761,-506,72172,-94762,-507,72174,-94760,-505,0,0,0,false,false,"FLAG_POLE"
110,22160001,"Gate_of_fort",68834,-63635,-2834,68833,-63636,-2835,68835,-63634,-2833,67884,644,518,false,false,"DOOR"
110,22160002,"Gate_of_fort",68643,-62607,-2814,68642,-62608,-2815,68644,-62606,-2813,67884,644,518,true,false,"DOOR"
110,22160003,"Gate_of_fort",68703,-62461,-2814,68702,-62462,-2815,68704,-62460,-2813,67884,644,518,true,false,"DOOR"
110,22160004,"Gate_of_fort",69991,-60842,-2814,69990,-60843,-2815,69992,-60841,-2813,67884,644,518,true,true,"DOOR"
110,22160005,"Gate_of_fort",70137,-60902,-2814,70136,-60903,-2815,70138,-60901,-2813,67884,644,518,true,true,"DOOR"
110,22160006,"Gate_of_fort",67849,-61153,-2776,67848,-61154,-2777,67850,-61152,-2775,67884,644,518,true,false,"DOOR"
110,22160007,"Gate_of_fort",67995,-61214,-2776,67994,-61215,-2777,67996,-61213,-2775,67884,644,518,true,false,"DOOR"
110,22160008,"Gate_of_fort",69532,-61951,-2814,69531,-61952,-2815,69533,-61950,-2813,67884,644,518,true,true,"DOOR"
110,22160009,"Gate_of_fort",69678,-62012,-2814,69677,-62013,-2815,69679,-62011,-2813,67884,644,518,true,true,"DOOR"
110,22160010,"Gate_of_fort",71440,-61683,-2786,71439,-61684,-2787,71441,-61682,-2785,67884,644,518,true,false,"DOOR"
110,22160011,"Gate_of_fort",71586,-61743,-2786,71585,-61744,-2787,71587,-61742,-2785,67884,644,518,true,false,"DOOR"
110,22160012,"Gate_of_fort",70698,-59119,-2834,70697,-59120,-2835,70699,-59118,-2833,67884,644,518,false,false,"DOOR"
110,22160500,"Swamp_flagpole",69839,-61422,-1864,69838,-61423,-1865,69840,-61421,-1863,0,0,0,false,false,"FLAG_POLE"
105,22180001,"Gate_of_fort",74199,2788,-3093,74198,2787,-3094,74200,2789,-3092,67884,644,518,false,false,"DOOR"
105,22180002,"Gate_of_fort",72418,4689,-3073,72417,4688,-3074,72419,4690,-3072,67884,644,518,true,true,"DOOR"
105,22180003,"Gate_of_fort",72540,4790,-3073,72539,4789,-3074,72541,4791,-3072,67884,644,518,true,true,"DOOR"
105,22180004,"Gate_of_fort",73178,3764,-3073,73177,3763,-3074,73179,3765,-3072,67884,644,518,true,true,"DOOR"
105,22180005,"Gate_of_fort",73300,3864,-3073,73299,3863,-3074,73301,3865,-3072,67884,644,518,true,true,"DOOR"
105,22180006,"Gate_of_fort",74141,4890,-3044,74140,4889,-3045,74142,4891,-3043,67884,644,518,true,false,"DOOR"
105,22180007,"Gate_of_fort",74263,4990,-3044,74262,4989,-3045,74264,4991,-3043,67884,644,518,true,false,"DOOR"
105,22180008,"Gate_of_fort",71596,5960,-3093,71595,5959,-3094,71597,5961,-3092,67884,644,518,false,false,"DOOR"
105,22180500,"Ivory_flagpole",72856,4281,-2123,72855,4280,-2124,72857,4282,-2122,0,0,0,false,false,"FLAG_POLE"
116,22200001,"Gate_of_fort",78090,89321,-2934,78089,89320,-2935,78091,89322,-2933,67884,644,518,false,false,"DOOR"
116,22200002,"Gate_of_fort",80522,89326,-2877,80521,89325,-2878,80523,89327,-2876,67884,644,518,true,false,"DOOR"
116,22200003,"Gate_of_fort",80661,89401,-2877,80660,89400,-2878,80662,89402,-2876,67884,644,518,true,false,"DOOR"
116,22200004,"Gate_of_fort",79730,91401,-2912,79729,91400,-2913,79731,91402,-2911,67884,644,518,true,true,"DOOR"
116,22200005,"Gate_of_fort",79804,91262,-2912,79803,91261,-2913,79805,91263,-2911,67884,644,518,true,true,"DOOR"
116,22200006,"Gate_of_fort",78673,90835,-2912,78672,90834,-2913,78674,90836,-2911,67884,644,518,true,true,"DOOR"
116,22200007,"Gate_of_fort",78747,90696,-2912,78746,90695,-2913,78748,90697,-2911,67884,644,518,true,true,"DOOR"
116,22200008,"Gate_of_fort",77815,92082,-2887,77814,92081,-2888,77816,92083,-2886,67884,644,518,true,false,"DOOR"
116,22200009,"Gate_of_fort",77889,91943,-2887,77888,91942,-2888,77890,91944,-2886,67884,644,518,true,false,"DOOR"
116,22200010,"Gate_of_fort",79034,92957,-2916,79033,92956,-2917,79035,92958,-2915,67884,644,518,true,false,"DOOR"
116,22200011,"Gate_of_fort",79172,93030,-2916,79171,93029,-2917,79173,93031,-2915,67884,644,518,true,false,"DOOR"
116,22200012,"Gate_of_fort",80167,92700,-2934,80166,92699,-2935,80168,92701,-2933,67884,644,518,false,false,"DOOR"
116,22200500,"Antharas_flagpole",79252,91052,-1962,79251,91051,-1963,79253,91053,-1961,0,0,0,false,false,"FLAG_POLE"
119,22230001,"Gate_of_fort",73057,184177,-2630,73056,184176,-2631,73058,184178,-2629,67884,644,518,false,false,"DOOR"
119,22230002,"Gate_of_fort",71908,185170,-2581,71907,185169,-2582,71909,185171,-2580,67884,644,518,true,false,"DOOR"
119,22230003,"Gate_of_fort",71996,185039,-2581,71995,185038,-2582,71997,185040,-2580,67884,644,518,true,false,"DOOR"
119,22230004,"Gate_of_fort",72714,186440,-2609,72713,186439,-2610,72715,186441,-2608,67884,644,518,true,true,"DOOR"
119,22230005,"Gate_of_fort",72846,186528,-2609,72845,186527,-2610,72847,186529,-2608,67884,644,518,true,true,"DOOR"
119,22230006,"Gate_of_fort",73381,185443,-2609,73380,185442,-2610,73382,185444,-2608,67884,644,518,true,true,"DOOR"
119,22230007,"Gate_of_fort",73512,185531,-2609,73511,185530,-2610,73513,185532,-2608,67884,644,518,true,true,"DOOR"
119,22230008,"Gate_of_fort",73037,187834,-2630,73036,187833,-2631,73038,187835,-2629,67884,644,518,false,false,"DOOR"
119,22230500,"Aaru_flagpole",73113,185988,-1659,73112,185987,-1660,73114,185989,-1658,0,0,0,false,false,"FLAG_POLE"
111,23130001,"Gate_of_fort",107495,-140524,-3009,107494,-140525,-3010,107496,-140523,-3008,67884,644,518,false,false,"DOOR"
111,23130002,"Gate_of_fort",110037,-141474,-2984,110036,-141475,-2985,110038,-141473,-2983,67884,644,518,true,true,"DOOR"
111,23130003,"Gate_of_fort",110083,-141323,-2984,110082,-141324,-2985,110084,-141322,-2983,67884,644,518,true,true,"DOOR"
111,23130004,"Gate_of_fort",108889,-141126,-2984,108888,-141127,-2985,108890,-141125,-2983,67884,644,518,true,true,"DOOR"
111,23130005,"Gate_of_fort",108935,-140975,-2984,108934,-140976,-2985,108936,-140974,-2983,67884,644,518,true,true,"DOOR"
111,23130006,"Gate_of_fort",111423,-141714,-3009,111422,-141715,-3010,111424,-141713,-3008,67884,644,518,false,false,"DOOR"
111,23130007,"Gate_of_fort",110210,-140001,-2959,110209,-140002,-2960,110211,-140000,-2958,67884,644,518,true,false,"DOOR"
111,23130008,"Gate_of_fort",110255,-139851,-2959,110254,-139852,-2960,110256,-139850,-2958,67884,644,518,true,false,"DOOR"
111,23130500,"Archaic_flagpole",109478,-141219,-2034,109477,-141220,-2035,109479,-141218,-2033,0,0,0,false,false,"FLAG_POLE"
120,23160001,"Gate_of_fort",99133,-56363,-693,99132,-56364,-694,99134,-56362,-692,67884,644,518,false,false,"DOOR"
120,23160002,"Gate_of_fort",100609,-56729,-645,100608,-56730,-646,100610,-56728,-644,67884,644,518,true,false,"DOOR"
120,23160003,"Gate_of_fort",100767,-56727,-645,100766,-56728,-646,100768,-56726,-644,67884,644,518,true,false,"DOOR"
120,23160004,"Gate_of_fort",101315,-55398,-673,101314,-55399,-674,101316,-55397,-672,67884,644,518,true,true,"DOOR"
120,23160005,"Gate_of_fort",101315,-55240,-673,101314,-55241,-674,101316,-55239,-672,67884,644,518,true,true,"DOOR"
120,23160006,"Gate_of_fort",100114,-55398,-673,100113,-55399,-674,100115,-55397,-672,67884,644,518,true,true,"DOOR"
120,23160007,"Gate_of_fort",100114,-55241,-673,100113,-55242,-674,100115,-55240,-672,67884,644,518,true,true,"DOOR"
120,23160008,"Gate_of_fort",102190,-54353,-695,102189,-54354,-696,102191,-54352,-694,67884,644,518,false,false,"DOOR"
120,23160500,"Demon_flagpole",100708,-55315,277,100707,-55316,276,100709,-55314,278,0,0,0,false,false,"FLAG_POLE"
117,23170001,"Gate_of_fort",112349,-16973,-1045,112348,-16974,-1046,112350,-16972,-1044,67884,644,518,false,false,"DOOR"
117,23170002,"Gate_of_fort",109785,-15919,-995,109784,-15920,-996,109786,-15918,-994,67884,644,518,true,false,"DOOR"
117,23170003,"Gate_of_fort",109943,-15919,-995,109942,-15920,-996,109944,-15918,-994,67884,644,518,true,false,"DOOR"
117,23170004,"Gate_of_fort",111289,-14550,-1023,111288,-14551,-1024,111290,-14549,-1022,67884,644,518,true,true,"DOOR"
117,23170005,"Gate_of_fort",111447,-14550,-1023,111446,-14551,-1024,111448,-14549,-1022,67884,644,518,true,true,"DOOR"
117,23170006,"Gate_of_fort",109582,-14432,-1024,109581,-14433,-1025,109583,-14431,-1023,67884,644,518,true,false,"DOOR"
117,23170007,"Gate_of_fort",109582,-14274,-1024,109581,-14275,-1025,109583,-14273,-1023,67884,644,518,true,false,"DOOR"
117,23170008,"Gate_of_fort",111289,-15750,-1023,111288,-15751,-1024,111290,-15749,-1022,67884,644,518,true,true,"DOOR"
117,23170009,"Gate_of_fort",111447,-15750,-1023,111446,-15751,-1024,111448,-15749,-1022,67884,644,518,true,true,"DOOR"
117,23170010,"Gate_of_fort",113492,-14829,-987,113491,-14830,-988,113493,-14828,-986,67884,644,518,true,false,"DOOR"
117,23170011,"Gate_of_fort",113492,-14673,-987,113491,-14674,-988,113493,-14672,-986,67884,644,518,true,false,"DOOR"
117,23170012,"Gate_of_fort",110348,-13549,-1047,110347,-13550,-1048,110349,-13548,-1046,67884,644,518,false,false,"DOOR"
117,23170500,"Western_flagpole",111371,-15139,-72,111370,-15140,-73,111372,-15138,-71,0,0,0,false,false,"FLAG_POLE"
118,23200001,"Gate_of_fort",124213,93493,-2191,124212,93492,-2192,124214,93494,-2190,67884,644,518,false,false,"DOOR"
118,23200002,"Gate_of_fort",125167,95734,-2168,125166,95733,-2169,125168,95735,-2167,67884,644,518,true,true,"DOOR"
118,23200003,"Gate_of_fort",125325,95734,-2168,125324,95733,-2169,125326,95735,-2167,67884,644,518,true,true,"DOOR"
118,23200004,"Gate_of_fort",126966,94171,-2170,126965,94170,-2171,126967,94172,-2169,67884,644,518,true,false,"DOOR"
118,23200005,"Gate_of_fort",126966,94329,-2170,126965,94328,-2171,126967,94330,-2169,67884,644,518,true,false,"DOOR"
118,23200006,"Gate_of_fort",123356,95687,-2138,123355,95686,-2139,123357,95688,-2137,67884,644,518,true,false,"DOOR"
118,23200007,"Gate_of_fort",123356,95845,-2138,123355,95844,-2139,123357,95846,-2137,67884,644,518,true,false,"DOOR"
118,23200008,"Gate_of_fort",125167,94534,-2168,125166,94533,-2169,125168,94535,-2167,67884,644,518,true,true,"DOOR"
118,23200009,"Gate_of_fort",125325,94534,-2168,125324,94533,-2169,125326,94535,-2167,67884,644,518,true,true,"DOOR"
118,23200010,"Gate_of_fort",127221,95985,-2130,127220,95984,-2131,127222,95986,-2129,67884,644,518,true,false,"DOOR"
118,23200011,"Gate_of_fort",127332,95873,-2130,127331,95872,-2131,127333,95874,-2129,67884,644,518,true,false,"DOOR"
118,23200012,"Gate_of_fort",126193,96897,-2190,126192,96896,-2191,126194,96898,-2189,67884,644,518,false,false,"DOOR"
118,23200500,"Hunters_flagpole",125248,95143,-1218,125247,95142,-1219,125249,95144,-1217,0,0,0,false,false,"FLAG_POLE"
104,23210001,"Gate_of_fort",126069,120674,-2634,126068,120673,-2635,126070,120675,-2633,67884,644,518,false,false,"DOOR"
104,23210002,"Gate_of_fort",126760,121726,-2613,126759,121725,-2614,126761,121727,-2612,67884,644,518,true,false,"DOOR"
104,23210003,"Gate_of_fort",126760,121884,-2613,126759,121883,-2614,126761,121885,-2612,67884,644,518,true,false,"DOOR"
104,23210004,"Gate_of_fort",124224,122888,-2583,124223,122887,-2584,124225,122889,-2582,67884,644,518,true,false,"DOOR"
104,23210005,"Gate_of_fort",124382,122888,-2583,124381,122887,-2584,124383,122889,-2582,67884,644,518,true,false,"DOOR"
104,23210006,"Gate_of_fort",126000,123942,-2613,125999,123941,-2614,126001,123943,-2612,67884,644,518,true,true,"DOOR"
104,23210007,"Gate_of_fort",126158,123942,-2613,126157,123941,-2614,126159,123943,-2612,67884,644,518,true,true,"DOOR"
104,23210008,"Gate_of_fort",127569,123334,-2571,127568,123333,-2572,127570,123335,-2570,67884,644,518,true,false,"DOOR"
104,23210009,"Gate_of_fort",127569,123492,-2571,127568,123491,-2572,127570,123493,-2570,67884,644,518,true,false,"DOOR"
104,23210010,"Gate_of_fort",126000,122744,-2613,125999,122743,-2614,126001,122745,-2612,67884,644,518,true,true,"DOOR"
104,23210011,"Gate_of_fort",126158,122744,-2613,126157,122743,-2614,126159,122745,-2612,67884,644,518,true,true,"DOOR"
104,23210012,"Gate_of_fort",126066,125563,-2634,126065,125562,-2635,126067,125564,-2633,67884,644,518,false,false,"DOOR"
104,23210500,"Valley_flagpole",126084,123350,-1663,126083,123349,-1664,126085,123351,-1662,0,0,0,false,false,"FLAG_POLE"
108,23240001,"Gate_of_fort",116614,203941,-3382,116613,203940,-3383,116615,203942,-3381,67884,644,518,false,false,"DOOR"
108,23240002,"Gate_of_fort",118905,205272,-3361,118904,205271,-3362,118906,205273,-3360,67884,644,518,true,true,"DOOR"
108,23240003,"Gate_of_fort",118979,205133,-3361,118978,205132,-3362,118980,205134,-3360,67884,644,518,true,true,"DOOR"
108,23240004,"Gate_of_fort",119430,203983,-3333,119429,203982,-3334,119431,203984,-3332,67884,644,518,true,false,"DOOR"
108,23240005,"Gate_of_fort",119504,203843,-3333,119503,203842,-3334,119505,203844,-3332,67884,644,518,true,false,"DOOR"
108,23240006,"Gate_of_fort",117847,204708,-3361,117846,204707,-3362,117848,204709,-3360,67884,644,518,true,true,"DOOR"
108,23240007,"Gate_of_fort",117922,204568,-3361,117921,204567,-3362,117923,204569,-3360,67884,644,518,true,true,"DOOR"
108,23240008,"Gate_of_fort",120248,205879,-3382,120247,205878,-3383,120249,205880,-3381,67884,644,518,false,false,"DOOR"
108,23240500,"WhiteSands_flagpole",118419,204919,-2411,118418,204918,-2412,118420,204920,-2410,0,0,0,false,false,"FLAG_POLE"
109,24150001,"Gate_of_fort",158498,-72104,-2865,158497,-72105,-2866,158499,-72103,-2864,67884,644,518,true,false,"DOOR"
109,24150002,"Gate_of_fort",158585,-71973,-2865,158584,-71974,-2866,158586,-71972,-2864,67884,644,518,true,false,"DOOR"
109,24150003,"Gate_of_fort",157297,-69092,-2916,157296,-69093,-2917,157298,-69091,-2915,67884,644,518,false,false,"DOOR"
109,24150004,"Gate_of_fort",159605,-70707,-2892,159604,-70708,-2893,159606,-70706,-2891,67884,644,518,true,true,"DOOR"
109,24150005,"Gate_of_fort",159693,-70576,-2892,159692,-70577,-2893,159694,-70575,-2891,67884,644,518,true,true,"DOOR"
109,24150006,"Gate_of_fort",158606,-70040,-2892,158605,-70041,-2893,158607,-70039,-2891,67884,644,518,true,true,"DOOR"
109,24150007,"Gate_of_fort",158694,-69909,-2892,158693,-69910,-2893,158695,-69908,-2891,67884,644,518,true,true,"DOOR"
109,24150008,"Gate_of_fort",161354,-71814,-2916,161353,-71815,-2917,161355,-71813,-2915,67884,644,518,false,false,"DOOR"
109,24150009,"Gate_of_fort",160742,-70553,-2899,160741,-70554,-2900,160743,-70552,-2898,67884,644,518,true,false,"DOOR"
109,24150010,"Gate_of_fort",160872,-70640,-2899,160871,-70641,-2900,160873,-70639,-2898,67884,644,518,true,false,"DOOR"
109,24150011,"Gate_of_fort",159854,-68987,-2853,159853,-68988,-2854,159855,-68986,-2852,67884,644,518,true,false,"DOOR"
109,24150012,"Gate_of_fort",159985,-69075,-2853,159984,-69076,-2854,159986,-69074,-2852,67884,644,518,true,false,"DOOR"
109,24150500,"Borderland_flagpole",159145,-70302,-1942,159144,-70303,-1943,159146,-70301,-1941,0,0,0,false,false,"FLAG_POLE"
106,24190005,"Gate_of_fort",153328,56710,-3303,153327,56709,-3304,153329,56711,-3302,67884,644,518,false,false,"DOOR"
106,24190006,"Gate_of_fort",155311,54864,-3282,155310,54863,-3283,155312,54865,-3281,67884,644,518,true,true,"DOOR"
106,24190007,"Gate_of_fort",155411,54986,-3282,155410,54985,-3283,155412,54987,-3281,67884,644,518,true,true,"DOOR"
106,24190008,"Gate_of_fort",154384,55624,-3282,154383,55623,-3283,154385,55625,-3281,67884,644,518,true,true,"DOOR"
106,24190009,"Gate_of_fort",154484,55746,-3282,154483,55745,-3283,154485,55747,-3281,67884,644,518,true,true,"DOOR"
106,24190010,"Gate_of_fort",156501,54106,-3303,156500,54105,-3304,156502,54107,-3302,67884,644,518,false,false,"DOOR"
106,24190011,"Gate_of_fort",156035,56156,-3253,156034,56155,-3254,156036,56157,-3252,67884,644,518,true,false,"DOOR"
106,24190012,"Gate_of_fort",156135,56278,-3253,156134,56277,-3254,156136,56279,-3252,67884,644,518,true,false,"DOOR"
106,24190500,"Narsell_flagpole",154894,55308,-2332,154893,55307,-2333,154895,55309,-2331,0,0,0,false,false,"FLAG_POLE"
107,25190001,"Gate_of_fort",189904,37070,-3460,189903,37069,-3461,189905,37071,-3459,67884,644,518,false,false,"DOOR"
107,25190002,"Gate_of_fort",190612,38122,-3443,190611,38121,-3444,190613,38123,-3442,67884,644,518,true,false,"DOOR"
107,25190003,"Gate_of_fort",190612,38280,-3443,190611,38279,-3444,190613,38281,-3442,67884,644,518,true,false,"DOOR"
107,25190004,"Gate_of_fort",188076,39284,-3409,188075,39283,-3410,188077,39285,-3408,67884,644,518,true,false,"DOOR"
107,25190005,"Gate_of_fort",188234,39284,-3409,188233,39283,-3410,188235,39285,-3408,67884,644,518,true,false,"DOOR"
107,25190006,"Gate_of_fort",189852,40340,-3438,189851,40339,-3439,189853,40341,-3437,67884,644,518,true,true,"DOOR"
107,25190007,"Gate_of_fort",190010,40340,-3438,190009,40339,-3439,190011,40341,-3437,67884,644,518,true,true,"DOOR"
107,25190008,"Gate_of_fort",189852,39139,-3438,189851,39138,-3439,189853,39140,-3437,67884,644,518,true,true,"DOOR"
107,25190009,"Gate_of_fort",190010,39139,-3438,190009,39138,-3439,190011,39140,-3437,67884,644,518,true,true,"DOOR"
107,25190010,"Gate_of_fort",191421,39730,-3397,191420,39729,-3398,191422,39731,-3396,67884,644,518,true,false,"DOOR"
107,25190011,"Gate_of_fort",191421,39888,-3397,191420,39887,-3398,191422,39889,-3396,67884,644,518,true,false,"DOOR"
107,25190012,"Gate_of_fort",189913,41955,-3460,189912,41954,-3461,189914,41956,-3459,67884,644,518,false,false,"DOOR"
107,25190500,"Bayou_flagpole",189933,39745,-2487,189932,39744,-2488,189934,39746,-2486,0,0,0,false,false,"FLAG_POLE"
