id,npc_template_id
382,31380
383,31373
9001,
9002,
9003,
9004,
9005,
9006,
9007,
9008,
9009,
9010,
9011,
9012,
9013,
9014,
9015,
9016,
9017,
9018,
9019,
9020,
9021,
9022,
9023,
9024,
9025,
9026,
9027,
9028,
9029,
9030,
9031,
9032,
9033,
9034,
9035,
9036,
9037,
9038,
9039,
9040,
9041,
9042,
9043,
9044,
9045,
9046,
9047,
9048,
9049,
9050,
9051,
9052,
9053,
9901,
9902,
9903,
9904,
9905,
9906,
9907,
9908,
9909,
9910,
9911,
9912,
9913,
9914,
9915,
9916,
9917,
9918,
9919,
9920,
9921,
9922,
9923,
9924,
9925,
9926,
9927,
9928,
9929,
9930,
9931,
9932,
9933,
9934,
9935,
9936,
9937,
9938,
9939,
9940,
9941,
9942,
9943,
9944,
9945,
9946,
9947,
9948,
9949,
9950,
9951,
9952,
9953,
9954,
9955,
9956,
9957,
9958,
9959,
9960,
9961,
9962,
9963,
9964,
9965,
9966,
9967,
9968,
9969,
9970,
9971,
9972,
9973,
9974,
9975,
9976,
9977,
9978,
9979,
9980,
9981,
9982,
9983,
9984,
9985,
9986,
9987,
9988,
9989,
9990,
9991,
9992,
9993,
9994,
9995,
9996,
9997,
9998,
9999,
10000,
10001,
10002,
10003,
30040,
30041,
30042,
30043,
30044,
30045,
30046,
30047,
30048,
30049,
30050,
30051,
30052,
30053,
30054,
30055,
30056,
30057,
30058,
30059,
71022,
71028,
71029,
71040,
71041,
71042,
71043,
71044,
71045,
71046,
71047,
71048,
71049,
71050,
71051,
71052,
71053,
71054,
135383,35383
135384,35384
135386,35386
135388,35388
135390,35390
135392,35392
135394,35394
135396,35396
135398,35398
135400,35400
135403,35403
135405,35405
135407,35407
135421,35421
135439,35439
135441,35441
135443,35443
135445,35445
135447,35447
135449,35449
135451,35451
135453,35453
135455,35455
135457,35457
135459,35459
135461,35461
135463,35463
135465,35465
135467,35467
135566,35566
135568,35568
135570,35570
135572,35572
135574,35574
135576,35576
135578,35578
135580,35580
135582,35582
135584,35584
135586,35586
235383,35383
235384,35384
235386,35386
235388,35388
235390,35390
235392,35392
235394,35394
235396,35396
235398,35398
235400,35400
235403,35403
235405,35405
235407,35407
235421,35421
235439,35439
235441,35441
235443,35443
235445,35445
235447,35447
235449,35449
235451,35451
235453,35453
235455,35455
235457,35457
235459,35459
235461,35461
235463,35463
235465,35465
235467,35467
235566,35566
235568,35568
235570,35570
235572,35572
235574,35574
235576,35576
235578,35578
235580,35580
235582,35582
235584,35584
235586,35586
300410,
300510,
300530,
300536,
300539,
300540,
300541,
300542,
335103,35103
335145,35145
335187,35187
335229,35229
335230,35230
335231,35231
335277,35277
335319,35319
335366,35366
335383,35383
335384,35384
335386,35386
335388,35388
335390,35390
335392,35392
335394,35394
335396,35396
335398,35398
335400,35400
335403,35403
335405,35405
335407,35407
335421,35421
335439,35439
335441,35441
335443,35443
335445,35445
335447,35447
335449,35449
335451,35451
335453,35453
335455,35455
335457,35457
335459,35459
335461,35461
335463,35463
335465,35465
335467,35467
335512,35512
335558,35558
335566,35566
335568,35568
335570,35570
335572,35572
335574,35574
335576,35576
335578,35578
335580,35580
335582,35582
335584,35584
335586,35586
335644,35644
335645,35645
351001,35100
351021,35102
351421,35142
351441,35144
351841,35184
351861,35186
352261,35226
352281,35228
352741,35274
352761,35276
353161,35316
353181,35318
353631,35363
353651,35365
355091,35509
355111,35511
355551,35555
355571,35557
3000100,30001
3000101,30001
3000200,30002
3000201,30002
3000300,30003
3000301,30003
3000400,30004
3004700,30047
3006000,30060
3006001,30060
3006002,30060
3006003,30060
3006100,30061
3006101,30061
3006102,30061
3006103,30061
3006200,30062
3006201,30062
3006202,30062
3006300,30063
3006301,30063
3007800,30078
3008100,30081
3008101,30081
3008200,30082
3008201,30082
3008202,30082
3008400,30084
3008401,30084
3008500,30085
3008501,30085
3008700,30087
3008701,30087
3008800,30088
3008801,30088
3009000,30090
3009001,30090
3009100,30091
3009101,30091
3009300,30093
3009400,30094
3009401,30094
3009402,30094
3013500,30135
3013501,30135
3013600,30136
3013601,30136
3013700,30137
3013800,30138
3013801,30138
3014700,30147
3014701,30147
3014800,30148
3014801,30148
3014900,30149
3014901,30149
3015000,30150
3016300,30163
3016400,30164
3016500,30165
3016501,30165
3016600,30166
3016601,30166
3017800,30178
3017801,30178
3017802,30178
3017803,30178
3017900,30179
3017901,30179
3017902,30179
3017903,30179
3018000,30180
3018001,30180
3018100,30181
3018101,30181
3018102,30181
3020700,30207
3020701,30207
3020702,30207
3020703,30207
3020800,30208
3020801,30208
3020802,30208
3020803,30208
3020900,30209
3023000,30230
3023001,30230
3023002,30230
3023003,30230
3023100,30231
3023101,30231
3025300,30253
3025301,30253
3025302,30253
3025303,30253
3025400,30254
3025401,30254
3029400,30294
3029401,30294
3030100,30301
3030101,30301
3031300,30313
3031400,30314
3031401,30314
3031402,30314
3031500,30315
3032100,30321
3032101,30321
3032102,30321
3032103,30321
3038700,30387
3042000,30420
3043600,30436
3043700,30437
3051600,30516
3051601,30516
3051700,30517
3051701,30517
3051800,30518
3051900,30519
3051901,30519
3055800,30558
3055801,30558
3055900,30559
3055901,30559
3056000,30560
3056001,30560
3056100,30561
3068400,30684
3068401,30684
3068402,30684
3068403,30684
3073100,30731
3082700,30827
3082800,30828
3082900,30829
3083000,30830
3083100,30831
3083400,30834
3083401,30834
3083700,30837
3083701,30837
3083702,30837
3083703,30837
3083800,30838
3083801,30838
3083802,30838
3083803,30838
3083900,30839
3084000,30840
3084100,30841
3084101,30841
3084200,30842
3084201,30842
3086900,30869
3087900,30879
3089000,30890
3089001,30890
3089002,30890
3089003,30890
3089100,30891
3089101,30891
3089200,30892
3089201,30892
3089202,30892
3089300,30893
3089301,30893
3104400,31044
3104500,31045
3106700,31067
3125600,31256
3125601,31256
3125700,31257
3125701,31257
3125800,31258
3125801,31258
3125900,31259
3125901,31259
3126000,31260
3126100,31261
3126200,31262
3126300,31263
3126301,31263
3126500,31265
3127400,31274
3128400,31284
3130000,31300
3130001,31300
3130002,31300
3130003,31300
3130100,31301
3130101,31301
3130102,31301
3130103,31301
3130200,31302
3130201,31302
3130202,31302
3130203,31302
3130300,31303
3130301,31303
3130302,31303
3130303,31303
3130400,31304
3130401,31304
3130500,31305
3130501,31305
3130600,31306
3130700,31307
3130701,31307
3130900,31309
3131800,31318
3131900,31319
3133800,31338
3133900,31339
3135100,31351
3136600,31366
3138600,31386
3141300,31413
3141400,31414
3141500,31415
3141600,31416
3141700,31417
3141800,31418
3141900,31419
3142000,31420
3142100,31421
3142200,31422
3142300,31423
3142400,31424
3142500,31425
3142600,31426
3142700,31427
3142800,31428
3142900,31429
3143000,31430
3143100,31431
3143200,31432
3143300,31433
3143400,31434
3143500,31435
3143600,31436
3143700,31437
3143800,31438
3143900,31439
3144000,31440
3144100,31441
3144200,31442
3144300,31443
3144400,31444
3144500,31445
3156200,31562
3156300,31563
3156400,31564
3156500,31565
3156600,31566
3156700,31567
3156800,31568
3156900,31569
3157000,31570
3157100,31571
3157200,31572
3157300,31573
3157400,31574
3157500,31575
3157600,31576
3157700,31577
3157800,31578
3157900,31579
3166600,31666
3166700,31667
3166800,31668
3166900,31669
3167000,31670
3169600,31696
3169700,31697
3194500,31945
3194501,31945
3194502,31945
3194503,31945
3194600,31946
3194601,31946
3194602,31946
3194603,31946
3194700,31947
3194701,31947
3194702,31947
3194703,31947
3194800,31948
3194801,31948
3194802,31948
3194803,31948
3194900,31949
3194901,31949
3195000,31950
3195001,31950
3195100,31951
3195200,31952
3195201,31952
3195400,31954
3196200,31962
3196300,31963
3197300,31973
3198000,31980
3198900,31989
3210500,32105
3210600,32106
3216400,32164
3216401,32164
3216500,32165
3216501,32165
3216600,32166
3216700,32167
3216800,32168
3216900,32169
3234800,32348
13128001,13128
