npc_template_id,x,y,z,heading,respawn_delay_s,room_number
18490,-48456,243725,-13381,22656,,12
18490,-48386,243577,-13381,44822,,12
18490,-48374,243551,-13381,5191,,12
18490,-48356,243476,-13381,26068,,12
18490,-48317,243557,-13381,37693,,12
18490,-48263,243831,-13381,62857,,12
18490,-48162,243745,-13381,64589,,12
18490,-48155,243695,-13381,37303,,12
18494,-51914,246412,-12569,26557,,11
18494,-51697,246244,-10846,7851,,7
18494,-51611,246197,-9993,57664,,3
18494,-49350,243402,-9985,57664,,4
18494,-49012,243943,-10846,7851,,8
18494,-48981,249166,-9128,33202,,2
18494,-48916,248056,-11707,26557,,10
18494,-48864,248283,-9985,7851,,6
18494,-48323,243587,-13372,26557,,12
18494,-46232,245951,-11714,26557,,9
18494,-46213,245983,-9993,7851,,5
18494,-46181,246094,-9127,15125,,1
22393,-46282,246188,-9128,65434,,1
22393,-46258,246235,-9128,3166,,1
22393,-46040,246246,-9128,34207,,1
22393,-46036,246165,-9128,55931,,1
22393,-46022,246156,-9128,14410,,1
22394,-46219,246177,-9128,39974,,1
22394,-46116,246053,-9128,15143,,1
22394,-46029,246199,-9128,7301,,1
22394,-46006,246394,-9128,11202,,1
22394,-46002,246160,-9128,51083,,1
22395,-49191,243744,-10846,37680,,8
22395,-49167,243878,-10846,39697,,8
22395,-49158,244093,-10846,37941,,8
22395,-49087,248097,-11707,38083,,10
22395,-49087,248211,-11707,40074,,10
22395,-49063,248213,-9985,53735,,6
22395,-49054,247900,-11707,63107,,10
22395,-49028,244009,-10846,10263,,8
22395,-48994,247960,-11707,6935,,10
22395,-48990,244140,-10846,8769,,8
22395,-48988,248424,-9985,28002,,6
22395,-48981,248265,-9985,43936,,6
22395,-48958,248153,-11707,3785,,10
22395,-48949,244121,-10846,37616,,8
22395,-48939,247915,-11707,59143,,10
22395,-48937,243995,-10846,395,,8
22395,-48926,243872,-10846,17259,,8
22395,-48895,247957,-11707,3740,,10
22395,-48893,244108,-10846,58402,,8
22395,-48891,248205,-9985,43553,,6
22395,-48878,248465,-9985,57972,,6
22395,-48877,243822,-10846,45920,,8
22395,-48859,247910,-11707,9170,,10
22395,-48831,248056,-11707,63940,,10
22395,-48821,248163,-9985,46285,,6
22395,-48810,248366,-9985,4361,,6
22395,-48785,248482,-9985,61224,,6
22395,-48746,248224,-11707,7666,,10
22395,-48721,248189,-9985,7723,,6
22395,-48699,248136,-9985,58988,,6
22411,-46341,245777,-9993,42323,,5
22411,-46283,245876,-9993,48750,,5
22411,-46166,245761,-9993,31836,,5
22413,-51790,246427,-12577,43599,,11
22413,-51749,246366,-12577,17369,,11
22413,-51722,246144,-12577,58389,,11
22413,-51705,246234,-12577,16839,,11
22413,-51617,246282,-12577,7795,,11
22413,-51611,246121,-12577,42555,,11
22413,-51571,246132,-12577,20719,,11
22413,-51511,246221,-12577,16250,,11
22413,-51495,246132,-12577,1711,,11
22413,-51453,246198,-12577,28945,,11
22414,-51756,246225,-10855,40150,,7
22414,-51627,246211,-10855,14928,,7
22414,-51591,246297,-10855,36497,,7
22414,-51503,246182,-10855,38763,,7
22414,-51444,245966,-10855,32385,,7
22414,-46451,245935,-9993,59996,,5
22414,-46384,246180,-9993,31513,,5
22414,-46173,245982,-9993,15975,,5
22415,-51703,246157,-10855,6177,,7
22415,-51650,246123,-10855,39067,,7
22415,-51503,246321,-10855,20358,,7
22415,-51451,246043,-10855,64078,,7
22415,-51399,246328,-10855,47054,,7
22415,-46220,246276,-9992,30529,,5
22415,-46180,246324,-9992,21434,,5
22415,-46147,246256,-9992,60609,,5
22439,-49707,248879,-9128,47959,,2
22439,-49675,249402,-9129,19950,,2
22439,-49362,249155,-9128,33625,,2
22439,-49247,249418,-9128,12874,,2
22439,-49224,248970,-9128,3040,,2
22439,-48736,249388,-9129,16889,,2
22439,-48715,248955,-9129,57597,,2
22439,-48659,249159,-9128,3396,,2
22439,-48181,248956,-9128,58790,,2
22439,-48151,249423,-9128,15714,,2
22440,-49722,243728,-10004,16611,,4
22440,-49720,243161,-9994,14474,,4
22440,-49337,243418,-9994,34425,,4
22440,-49257,243007,-9992,52590,,4
22440,-49251,243888,-9992,16075,,4
22440,-48747,242921,-9992,51294,,4
22440,-48742,243875,-9992,16199,,4
22440,-48416,243423,-9994,313,,4
22440,-48198,243026,-9992,49652,,4
22440,-48174,243747,-9992,22020,,4
22441,-51904,246226,-9992,34048,,3
22441,-51896,246398,-9992,53204,,3
22441,-51894,246303,-9992,17106,,3
22441,-51889,246393,-9992,54488,,3
22441,-51867,246197,-9992,9489,,3
22441,-51864,246282,-9992,38076,,3
22441,-51831,246378,-9992,32314,,3
22441,-51690,246204,-9992,41570,,3
22441,-51688,246375,-9992,57632,,3
22441,-51567,246194,-9992,58064,,3
22441,-46450,245941,-11713,37964,,9
22441,-46310,245961,-11713,41515,,9
22441,-46302,246234,-11713,50954,,9
22441,-46211,246296,-11713,40160,,9
22441,-46206,246191,-11713,49982,,9
22442,-46415,246014,-11713,23648,,9
22442,-46412,246272,-11713,22506,,9
22442,-46186,246082,-11713,35649,,9
22442,-46160,246062,-11713,64470,,9
22442,-46133,246164,-11713,459,,9
