door_id,door_action,room_number
18250001,"PRE_OPEN",1
18250001,"PRE_CLOSE",1
18250002,"PRE_OPEN",2
18250002,"PRE_CLOSE",2
18250003,"PRE_OPEN",2
18250003,"PRE_CLOSE",2
18250004,"PRE_OPEN",3
18250004,"PRE_CLOSE",3
18250005,"PRE_OPEN",3
18250005,"PRE_CLOSE",3
18250006,"PRE_OPEN",4
18250006,"PRE_CLOSE",4
18250007,"PRE_OPEN",4
18250007,"PRE_CLOSE",4
18250008,"PRE_OPEN",5
18250008,"PRE_CLOSE",5
18250009,"PRE_OPEN",5
18250009,"PRE_CLOSE",5
18250010,"PRE_OPEN",6
18250011,"PRE_OPEN",6
18250011,"PRE_CLOSE",6
18250013,"PRE_OPEN",7
18250013,"PRE_CLOSE",7
18250014,"PRE_OPEN",8
18250014,"PRE_CLOSE",8
18250015,"PRE_OPEN",8
18250015,"PRE_CLOSE",8
18250017,"PRE_OPEN",9
18250017,"PRE_CLOSE",9
18250018,"PRE_OPEN",10
18250018,"PRE_CLOSE",10
18250019,"PRE_OPEN",10
18250019,"PRE_CLOSE",10
18250021,"PRE_OPEN",11
18250021,"PRE_CLOSE",11
18250022,"PRE_OPEN",12
18250022,"PRE_CLOSE",12
18250023,"PRE_OPEN",12
18250023,"PRE_CLOSE",12
18250101,"PRE_OPEN",7
18250101,"PRE_CLOSE",7
18250102,"PRE_OPEN",9
18250102,"PRE_CLOSE",9
18250103,"PRE_OPEN",11
18250103,"PRE_CLOSE",11
