player_class_id,class_name,base_strength,base_constitution,base_dexterity,base_intelligence,base_wit,base_mental,base_physical_attack,base_physical_defense,base_magic_attack,base_magic_defense,base_attack_speed,base_casting_speed,base_accuracy,base_critical_rate,base_evasion,base_run_speed,base_max_load,can_craft,male_collision_radius,male_collision_height,female_collision_radius,female_collision_height
0,"Human Fighter",40,43,30,21,11,25,4,80,6,41,300,333,33,44,33,115,81900,false,9.0,23.0,8.0,23.5
1,"Warrior",40,43,30,21,11,25,4,80,6,41,300,333,33,44,33,115,81900,false,9.0,23.0,8.0,23.5
2,"Gladiator",40,43,30,21,11,25,4,80,6,41,300,333,33,44,33,115,81900,false,9.0,23.0,8.0,23.5
3,"Warlord",40,43,30,21,11,25,4,80,6,41,300,333,33,44,33,115,81900,false,9.0,23.0,8.0,23.5
4,"Human Knight",40,43,30,21,11,25,4,80,6,41,300,333,33,44,33,115,81900,false,9.0,23.0,8.0,23.5
5,"Paladin",40,43,30,21,11,25,4,80,6,41,300,333,33,44,33,115,81900,false,9.0,23.0,8.0,23.5
6,"Dark Avenger",40,43,30,21,11,25,4,80,6,41,300,333,33,44,33,115,81900,false,9.0,23.0,8.0,23.5
7,"Rogue",40,43,30,21,11,25,4,80,6,41,300,333,33,44,33,115,81900,false,9.0,23.0,8.0,23.5
8,"Treasure Hunter",40,43,30,21,11,25,4,80,6,41,300,333,33,44,33,115,81900,false,9.0,23.0,8.0,23.5
9,"Hawkeye",40,43,30,21,11,25,4,80,6,41,300,333,33,44,33,115,81900,false,9.0,23.0,8.0,23.5
10,"Human Mage",22,27,21,41,20,39,3,54,6,41,300,333,28,40,28,120,62500,false,7.5,22.8,6.5,22.5
11,"Human Wizard",22,27,21,41,20,39,3,54,6,41,300,333,28,40,28,120,62500,false,7.5,22.8,6.5,22.5
12,"Sorcerer",22,27,21,41,20,39,3,54,6,41,300,333,28,40,28,120,62500,false,7.5,22.8,6.5,22.5
13,"Necromancer",22,27,21,41,20,39,3,54,6,41,300,333,28,40,28,120,62500,false,7.5,22.8,6.5,22.5
14,"Warlock",22,27,21,41,20,39,3,54,6,41,300,333,28,40,28,120,62500,false,7.5,22.8,6.5,22.5
15,"Cleric",22,27,21,41,20,39,3,54,6,41,300,333,28,40,28,120,62500,false,7.5,22.8,6.5,22.5
16,"Bishop",22,27,21,41,20,39,3,54,6,41,300,333,28,40,28,120,62500,false,7.5,22.8,6.5,22.5
17,"Human Prophet",22,27,21,41,20,39,3,54,6,41,300,333,28,40,28,120,62500,false,7.5,22.8,6.5,22.5
18,"Elf Fighter",36,36,35,23,14,26,4,80,6,41,300,333,36,46,36,125,73000,false,7.5,24.0,7.5,23.0
19,"Elf Knight",36,36,35,23,14,26,4,80,6,41,300,333,36,46,36,125,73000,false,7.5,24.0,7.5,23.0
20,"Temple Knight",36,36,35,23,14,26,4,80,6,41,300,333,36,46,36,125,73000,false,7.5,24.0,7.5,23.0
21,"Swordsinger",36,36,35,23,14,26,4,80,6,41,300,333,36,46,36,125,73000,false,7.5,24.0,7.5,23.0
22,"Scout",36,36,35,23,14,26,4,80,6,41,300,333,36,46,36,125,73000,false,7.5,24.0,7.5,23.0
23,"Plains Walker",36,36,35,23,14,26,4,80,6,41,300,333,36,46,36,125,73000,false,7.5,24.0,7.5,23.0
24,"Silver Ranger",36,36,35,23,14,26,4,80,6,41,300,333,36,46,36,125,73000,false,7.5,24.0,7.5,23.0
25,"Elf Mage",21,25,24,37,23,40,3,54,6,41,300,333,30,41,30,122,62400,false,7.5,24.0,7.5,23.0
26,"Elf Wizard",21,25,24,37,23,40,3,54,6,41,300,333,30,41,30,122,62400,false,7.5,24.0,7.5,23.0
27,"Spellsinger",21,25,24,37,23,40,3,54,6,41,300,333,30,41,30,122,62400,false,7.5,24.0,7.5,23.0
28,"Elemental Summoner",21,25,24,37,23,40,3,54,6,41,300,333,30,41,30,122,62400,false,7.5,24.0,7.5,23.0
29,"Oracle",21,25,24,37,23,40,3,54,6,41,300,333,30,41,30,122,62400,false,7.5,24.0,7.5,23.0
30,"Elder",21,25,24,37,23,40,3,54,6,41,300,333,30,41,30,122,62400,false,7.5,24.0,7.5,23.0
31,"DE Fighter",41,32,34,25,12,26,4,80,6,41,300,333,35,45,35,122,69000,false,7.5,24.0,7.0,23.5
32,"Palus Knight",41,32,34,25,12,26,4,80,6,41,300,333,35,45,35,122,69000,false,7.5,24.0,7.0,23.5
33,"Shillien Knight",41,32,34,25,12,26,4,80,6,41,300,333,35,45,35,122,69000,false,7.5,24.0,7.0,23.5
34,"Bladedancer",41,32,34,25,12,26,4,80,6,41,300,333,35,45,35,122,69000,false,7.5,24.0,7.0,23.5
35,"Assassin",41,32,34,25,12,26,4,80,6,41,300,333,35,45,35,122,69000,false,7.5,24.0,7.0,23.5
36,"Abyss Walker",41,32,34,25,12,26,4,80,6,41,300,333,35,45,35,122,69000,false,7.5,24.0,7.0,23.5
37,"Phantom Ranger",41,32,34,25,12,26,4,80,6,41,300,333,35,45,35,122,69000,false,7.5,24.0,7.0,23.5
38,"DE Mage",23,24,23,44,19,37,3,54,6,41,300,333,29,41,29,122,61000,false,7.5,24.0,7.0,23.5
39,"DE Wizard",23,24,23,44,19,37,3,54,6,41,300,333,29,41,29,122,61000,false,7.5,24.0,7.0,23.5
40,"Spell Howler",23,24,23,44,19,37,3,54,6,41,300,333,29,41,29,122,61000,false,7.5,24.0,7.0,23.5
41,"Phantom Summoner",23,24,23,44,19,37,3,54,6,41,300,333,29,41,29,122,61000,false,7.5,24.0,7.0,23.5
42,"Shillien Oracle",23,24,23,44,19,37,3,54,6,41,300,333,29,41,29,122,61000,false,7.5,24.0,7.0,23.5
43,"Shillien Elder",23,24,23,44,19,37,3,54,6,41,300,333,29,41,29,122,61000,false,7.5,24.0,7.0,23.5
44,"Orc Fighter",40,47,26,18,12,27,4,80,6,41,300,333,31,42,31,117,87000,false,11.0,28.0,7.0,27.0
45,"Raider",40,47,26,18,12,27,4,80,6,41,300,333,31,42,31,117,87000,false,11.0,28.0,7.0,27.0
46,"Destroyer",40,47,26,18,12,27,4,80,6,41,300,333,31,42,31,117,87000,false,11.0,28.0,7.0,27.0
47,"Monk",40,47,26,18,12,27,4,80,6,41,300,333,31,42,31,117,87000,false,11.0,28.0,7.0,27.0
48,"Tyrant",40,47,26,18,12,27,4,80,6,41,300,333,31,42,31,117,87000,false,11.0,28.0,7.0,27.0
49,"Orc Mage",27,31,24,31,15,42,3,54,6,41,300,333,30,41,30,121,68000,false,7.0,27.5,8.0,25.5
50,"Shaman",27,31,24,31,15,42,3,54,6,41,300,333,30,41,30,121,68000,false,7.0,27.5,8.0,25.5
51,"Overlord",27,31,24,31,15,42,3,54,6,41,300,333,30,41,30,121,68000,false,7.0,27.5,8.0,25.5
52,"Warcryer",27,31,24,31,15,42,3,54,6,41,300,333,30,41,30,121,68000,false,7.0,27.5,8.0,25.5
53,"Dwarf Fighter",39,45,29,20,10,27,4,80,6,41,300,333,33,43,33,115,83000,true,9.0,18.0,5.0,18.0
54,"Scavenger",39,45,29,20,10,27,4,80,6,41,300,333,33,43,33,115,83000,true,9.0,18.0,5.0,18.0
55,"Bounty Hunter",39,45,29,20,10,27,4,80,6,41,300,333,33,43,33,115,83000,true,9.0,18.0,5.0,18.0
56,"Artisan",39,45,29,20,10,27,4,80,6,41,300,333,33,43,33,115,83000,true,9.0,18.0,5.0,18.0
57,"Warsmith",39,45,29,20,10,27,4,80,6,41,300,333,33,43,33,115,83000,true,9.0,18.0,5.0,18.0
88,"Duelist",40,43,30,21,11,25,4,80,6,41,300,333,33,44,33,115,81900,false,9.0,23.0,8.0,23.5
89,"DreadNought",40,43,30,21,11,25,4,80,6,41,300,333,33,44,33,115,81900,false,9.0,23.0,8.0,23.5
90,"Phoenix Knight",40,43,30,21,11,25,4,80,6,41,300,333,33,44,33,115,81900,false,9.0,23.0,8.0,23.5
91,"Hell Knight",40,43,30,21,11,25,4,80,6,41,300,333,33,44,33,115,81900,false,9.0,23.0,8.0,23.5
92,"Sagittarius",40,43,30,21,11,25,4,80,6,41,300,333,33,44,33,115,81900,false,9.0,23.0,8.0,23.5
93,"Adventurer",40,43,30,21,11,25,4,80,6,41,300,333,33,44,33,115,81900,false,9.0,23.0,8.0,23.5
94,"Archmage",22,27,21,41,20,39,3,54,6,41,300,333,28,40,28,120,62500,false,7.5,22.8,6.5,22.5
95,"Soultaker",22,27,21,41,20,39,3,54,6,41,300,333,28,40,28,120,62500,false,7.5,22.8,6.5,22.5
96,"Arcana Lord",22,27,21,41,20,39,3,54,6,41,300,333,28,40,28,120,62500,false,7.5,22.8,6.5,22.5
97,"Cardinal",22,27,21,41,20,39,3,54,6,41,300,333,28,40,28,120,62500,false,7.5,22.8,6.5,22.5
98,"Hierophant",22,27,21,41,20,39,3,54,6,41,300,333,28,40,28,120,62500,false,7.5,22.8,6.5,22.5
99,"Eva Templar",36,36,35,23,14,26,4,80,6,41,300,333,36,46,36,125,73000,false,7.5,24.0,7.5,23.0
100,"Sword Muse",36,36,35,23,14,26,4,80,6,41,300,333,36,46,36,125,73000,false,7.5,24.0,7.5,23.0
101,"Wind Rider",36,36,35,23,14,26,4,80,6,41,300,333,36,46,36,125,73000,false,7.5,24.0,7.5,23.0
102,"Moonlight Sentinel",36,36,35,23,14,26,4,80,6,41,300,333,36,46,36,125,73000,false,7.5,24.0,7.5,23.0
103,"Mystic Muse",21,25,24,37,23,40,3,54,6,41,300,333,30,41,30,122,62400,false,7.5,24.0,7.5,23.0
104,"Elemental Master",21,25,24,37,23,40,3,54,6,41,300,333,30,41,30,122,62400,false,7.5,24.0,7.5,23.0
105,"Eva Saint",21,25,24,37,23,40,3,54,6,41,300,333,30,41,30,122,62400,false,7.5,24.0,7.5,23.0
106,"Shillien Templar",41,32,34,25,12,26,4,80,6,41,300,333,35,45,35,122,69000,false,7.5,24.0,7.0,23.5
107,"Spectral Dancer",41,32,34,25,12,26,4,80,6,41,300,333,35,45,35,122,69000,false,7.5,24.0,7.0,23.5
108,"Ghost Hunter",41,32,34,25,12,26,4,80,6,41,300,333,35,45,35,122,69000,false,7.5,24.0,7.0,23.5
109,"Ghost Sentinel",41,32,34,25,12,26,4,80,6,41,300,333,35,45,35,122,69000,false,7.5,24.0,7.0,23.5
110,"Storm Screamer",23,24,23,44,19,37,3,54,6,41,300,333,29,41,29,122,61000,false,7.5,24.0,7.0,23.5
111,"Spectral Master",23,24,23,44,19,37,3,54,6,41,300,333,29,41,29,122,61000,false,7.5,24.0,7.0,23.5
112,"Shillen Saint",23,24,23,44,19,37,3,54,6,41,300,333,29,41,29,122,61000,false,7.5,24.0,7.0,23.5
113,"Titan",40,47,26,18,12,27,4,80,6,41,300,333,31,42,31,117,87000,false,11.0,28.0,7.0,27.0
114,"Grand Khauatari",40,47,26,18,12,27,4,80,6,41,300,333,31,42,31,117,87000,false,11.0,28.0,7.0,27.0
115,"Dominator",27,31,24,31,15,42,3,54,6,41,300,333,30,41,30,121,68000,false,7.0,27.5,8.0,25.5
116,"Doomcryer",27,31,24,31,15,42,3,54,6,41,300,333,30,41,30,121,68000,false,7.0,27.5,8.0,25.5
117,"Fortune Seeker",39,45,29,20,10,27,4,80,6,41,300,333,33,43,33,115,83000,true,9.0,18.0,5.0,18.0
118,"Maestro",39,45,29,20,10,27,4,80,6,41,300,333,33,43,33,115,83000,true,9.0,18.0,5.0,18.0
123,"Male Soldier",41,31,33,29,11,25,4,72,3,47,342,333,35,45,35,122,87000,false,7.5,24.0,7.5,22.0
124,"Female Soldier",39,30,35,28,11,27,4,72,3,47,342,333,35,45,35,122,87000,false,7.5,22.0,7.5,22.0
125,"Trooper",41,31,33,29,11,25,4,72,3,47,342,333,35,45,35,122,87000,false,7.5,24.0,7.5,22.0
126,"Warder",39,30,35,28,11,27,4,72,3,47,342,333,35,45,35,122,87000,false,7.5,22.0,7.5,22.0
127,"Berserker",41,31,33,29,11,25,4,72,3,47,342,333,35,45,35,122,87000,false,7.5,24.0,7.5,22.0
128,"Male Soulbreaker",41,31,33,29,11,25,4,72,3,47,342,333,35,45,35,122,87000,false,7.5,24.0,7.5,22.0
129,"Female Soulbreaker",39,30,35,28,11,27,4,72,3,47,342,333,35,45,35,122,87000,false,7.5,22.0,7.5,22.0
130,"Arbalester",39,30,35,28,11,27,4,72,3,47,342,333,35,45,35,122,87000,false,7.5,22.0,7.5,22.0
131,"Doombringer",41,31,33,29,11,25,4,72,3,47,342,333,35,45,35,122,87000,false,7.5,24.0,7.5,22.0
132,"Male Soulhound",41,31,33,29,11,25,4,72,3,47,342,333,35,45,35,122,87000,false,7.5,24.0,7.5,22.0
133,"Female Soulhound",39,30,35,28,11,27,4,72,3,47,342,333,35,45,35,122,87000,false,7.5,22.0,7.5,22.0
134,"Trickster",39,30,35,28,11,27,4,72,3,47,342,333,35,45,35,122,87000,false,7.5,22.0,7.5,22.0
135,"Inspector",39,30,35,28,11,27,4,72,3,47,342,333,35,45,35,122,87000,false,7.5,24.0,7.5,22.0
136,"Judicator",39,30,35,28,11,27,4,72,3,47,342,333,35,45,35,122,87000,false,7.5,24.0,7.5,22.0
