random_spawn_id,x,y,z,heading
9,183280,-11905,-4904,
10,185662,-13093,-5498,
11,-52172,78884,-4741,
11,-41350,209876,-5087,
11,-21657,77164,-5173,
11,45029,123802,-5413,
11,83175,208998,-5439,
11,111337,173804,-5439,
11,118343,132578,-4831,
11,172373,-17833,-4901,
12,-53131,-250502,-7909,
12,-20485,-251008,-8165,
12,-19360,13278,-4901,
12,12669,-248698,-9581,
12,46303,170091,-4981,
12,140519,79464,-5429,
13,-84356,152742,-3204,
14,-83157,149846,-3155,
15,-79563,152726,-3204,
16,-79123,155098,-3204,
17,-16168,124129,-3143,
18,-14563,121461,-3015,
19,-14199,126128,-3171,
20,-12344,123605,-3132,
21,16901,144748,-3027,
22,17557,147084,-3150,
23,19038,142923,-3078,
24,20826,145769,-3171,
25,77830,148627,-3623,
26,81540,144204,-3559,
27,81556,152183,-3559,
28,83872,143882,-3431,
29,85328,147352,-3431,
30,114907,77916,-2662,
31,115509,74857,-2625,
32,118273,74592,-2529,
33,107251,218166,-3701,
34,115482,219266,-3689,
35,80039,54291,-1586,
36,81002,53495,-1586,
37,81527,56009,-1551,
38,143926,26468,-2338,
39,147460,20537,-2101,
40,150417,25182,-2141,
41,-83107,150270,-3155,
42,-83070,152740,-3204,
43,-80752,152738,-3204,
44,-80690,149996,-3070,
45,-80037,154344,-3204,
46,-15549,124170,-3143,
47,-14480,122330,-3126,
48,-14268,124941,-3156,
49,-13252,123689,-3143,
50,-12591,122673,-3142,
51,15722,142877,-2732,
52,18172,145740,-3140,
53,19096,143980,-3096,
54,19823,145863,-3142,
55,79825,148619,-3559,
56,81535,146866,-3559,
57,81547,150347,-3559,
58,83319,148054,-3431,
59,83894,147495,-3431,
60,115893,77551,-2729,
61,115936,75382,-2625,
62,117098,77066,-2720,
63,118049,75783,-2715,
64,107256,218615,-3701,
65,109660,217339,-3775,
66,110189,221393,-3569,
67,111389,219257,-3572,
68,113479,217795,-3731,
69,114086,220214,-3568,
70,80416,55959,-1586,
71,80617,54116,-1586,
72,82048,55417,-1551,
73,82863,53290,-1522,
74,145015,25269,-2167,
75,145394,27629,-2295,
76,146616,25816,-2039,
77,147440,30047,-2487,
78,147459,21148,-2167,
79,148013,27029,-2231,
80,149515,27641,-2295,
81,149899,24719,-2167,
82,-41312,206625,-3412,
83,-41312,206625,-3412,
84,-55428,79357,-3059,
85,-55428,79357,-3059,
86,-24895,77634,-3495,
87,-24895,77634,-3495,
88,-22594,13760,-3216,
89,-22594,13760,-3216,
90,43074,170560,-3298,
91,43074,170560,-3298,
92,39872,144193,-3707,
93,39872,144193,-3707,
94,45504,127550,-3734,
95,45504,127550,-3734,
96,79946,209470,-3760,
97,79946,209470,-3760,
98,108097,174274,-3769,
99,108097,174274,-3769,
100,115136,133057,-3161,
101,115136,133057,-3161,
102,74561,78656,-3446,
103,74561,78656,-3446,
104,110784,84800,-4867,
105,110784,84800,-4867,
106,137278,79936,-3751,
107,137278,79936,-3751,
108,169152,-17344,-3228,
109,169152,-17344,-3228,
110,184410,-10111,-5488,
111,185000,-13000,-5488,
112,171708,43964,-4972,
113,147943,-56176,-2781,
114,148064,-56288,-2781,
115,147703,-58879,-2981,
116,147704,-58710,-2981,
117,150550,-57471,-2981,
118,150425,-57370,-2981,
119,144841,-57493,-2981,
120,144980,-57403,-2981,
121,148867,-58156,-2981,
122,149180,-58022,-2981,
123,87500,-142523,-1336,
124,87302,-140189,-1536,
125,87363,-142460,-1336,
126,87390,-140065,-1536,
127,89738,-141420,-1536,
128,89661,-141242,-1536,
129,43961,-50913,-792,
130,43859,-50954,-796,
131,38588,-48222,896,
132,38695,-48308,896,
133,108380,-150268,-2376,
133,118600,-161235,-1119,
133,123254,-148126,-3425,
134,66578,72351,-3731,
134,67994,79605,-3685,
134,72414,89582,-3068,
135,175916,-113220,-3471,
135,178091,-119661,-4087,
135,178880,-112665,-5821,
135,179815,-115465,-3598,
135,180717,-116163,-6102,
135,181809,-109360,-5830,
135,183442,-111453,-3615,
135,184699,-116825,-6102,
135,186321,-109182,-5865,
135,189472,-111287,-3280,
135,190447,-117063,-3280,
136,78355,-1325,-3659,
136,79890,-6132,-2922,
136,90012,-7217,-3085,
136,94500,-10129,-3290,
136,96534,-1237,-3677,
137,-92931,55027,-2592,63304
137,-92675,56763,-2840,18707
137,-84169,39571,-2448,34277
137,-83539,45978,-2832,1972
137,-83304,58078,-2768,44634
137,-82545,55187,-2848,5047
137,-81005,39627,-2840,30125
137,-80400,40591,-2824,39386
137,-77375,44929,-2720,13828
137,-77006,45317,-2752,19656
137,-73271,53065,-3696,59621
138,-109520,47211,-1288,44919
138,-109520,48888,-1208,49863
138,-107788,45439,-1584,28523
138,-107347,47372,-1464,59666
138,-107335,48421,-1416,25399
138,-103659,50494,-2000,40765
139,-120378,37949,1408,4430
139,-118097,49912,-936,11260
139,-118000,50105,-968,27540
139,-117779,50125,-920,47382
139,-117606,49650,-920,17813
139,-117080,49690,-880,63806
139,-117055,49577,-896,3880
139,-117008,50954,-728,55329
139,-116619,49487,-872,21965
139,-116556,50016,-808,5365
139,-116225,50135,-744,10002
139,-116128,50592,-696,16859
140,-123943,60348,-2632,22373
140,-123800,60127,-2632,56043
140,-123401,61164,-2656,47517
140,-123215,44319,928,30481
140,-122928,43524,888,44634
140,-122475,54840,-1560,5826
140,-122440,55179,-1608,56123
140,-121910,61003,-2368,64230
141,-126495,61819,-2704,33561
141,-124608,74480,-2704,57957
141,-124356,77403,-3392,58154
141,-124355,71875,-2800,58069
141,-124298,74848,-2800,35875
