skill_id,item_template_id
2,1512
10,3039
13,3940
15,1513
21,1377
22,3040
25,3038
33,3041
44,3432
45,1378
46,3042
49,3043
58,1096
61,1379
65,3044
67,3045
69,3046
70,1097
72,3047
77,1095
86,3048
91,1294
102,1380
103,3049
105,1381
115,1382
122,3050
123,3051
127,3052
129,1383
230,1384
262,3053
278,3054
279,3055
283,3056
289,4203
299,4915
301,4921
438,8877
448,8909
449,8890
454,8892
455,8893
456,8894
457,8895
458,8896
459,8897
460,8898
468,10026
469,10073
470,10027
471,10028
476,10029
477,10030
478,10031
482,10074
483,10075
484,10094
485,10076
487,10180
489,10034
490,10077
492,10036
493,10095
494,10097
495,10098
496,10037
497,10038
498,10039
499,10079
501,10080
502,10040
503,10041
504,10042
505,10043
506,10044
507,10052
508,10053
509,10086
510,10054
511,10055
513,10057
514,10058
515,10059
516,10060
517,10061
518,10062
519,10063
520,10064
521,10087
522,10088
523,10089
524,10065
525,10066
526,10068
538,10091
540,10096
620,10071
621,10183
622,10182
625,10204
627,10276
628,10275
792,10603
793,10604
794,10605
818,12768
819,12769
820,12770
821,12771
831,12820
833,12773
834,12774
835,12775
836,12776
837,12777
838,12778
1002,1518
1003,1519
1004,3103
1005,1520
1006,1521
1007,1522
1008,3104
1009,1523
1010,1524
1011,1152
1012,1053
1013,1385
1015,1050
1016,1514
1018,3072
1020,3068
1027,1054
1028,3073
1031,1386
1032,3094
1033,1387
1034,3069
1035,1388
1036,3095
1040,1058
1042,3070
1043,1389
1044,1390
1045,3096
1047,4207
1048,3097
1049,3071
1050,3098
1056,3079
1059,1391
1062,1392
1064,3064
1068,1048
1069,1394
1071,3082
1072,3080
1073,1515
1074,3074
1075,1397
1077,1398
1078,1399
1085,1401
1086,3099
1087,1402
1090,1525
1092,1526
1095,1527
1096,1528
1097,1529
1099,1530
1100,1531
1101,1532
1102,1533
1104,3105
1105,1534
1107,1535
1108,3106
1111,1403
1126,1404
1127,1405
1128,1667
1129,3057
1139,3091
1140,3092
1141,3093
1144,1406
1145,1407
1146,1408
1147,1051
1148,3065
1151,1516
1154,3058
1155,3059
1156,3060
1157,1517
1159,3066
1160,1409
1163,3061
1164,1056
1167,1410
1168,1055
1169,3062
1170,3063
1171,3075
1172,1411
1174,3083
1175,1370
1176,3089
1178,1371
1181,1052
1182,1412
1183,3084
1184,1049
1189,1413
1191,1414
1201,1415
1204,1098
1206,1099
1208,1536
1209,1537
1210,3107
1213,3108
1217,3429
1218,3430
1219,3431
1220,1372
1222,1416
1223,1417
1224,1418
1225,1668
1226,1669
1227,1670
1228,1671
1229,1856
1230,3076
1231,3081
1232,3077
1233,3078
1234,3067
1235,3085
1236,3086
1237,3087
1238,3088
1239,3090
1240,3100
1242,3101
1243,3102
1244,3115
1245,3114
1246,3109
1247,3110
1248,3111
1249,3112
1250,3113
1251,3116
1252,3117
1253,3118
1254,3941
1256,3943
1257,3944
1258,4200
1259,4201
1260,4204
1261,4205
1262,4206
1263,4208
1264,4906
1265,4907
1266,4908
1267,4909
1268,4910
1269,4911
1271,4912
1272,4913
1273,4914
1274,4916
1275,4917
1276,4918
1277,4919
1278,4920
1279,4922
1280,4923
1281,4924
1282,4925
1283,4926
1284,4927
1285,4928
1286,4929
1287,4930
1288,4931
1289,4932
1290,4933
1291,4934
1292,5013
1293,5014
1294,5015
1295,5809
1296,5810
1298,5811
1299,5812
1300,5813
1301,5814
1303,5815
1304,5816
1305,6350
1306,6351
1307,6352
1308,6395
1309,6396
1310,6397
1311,6398
1328,7638
1329,7639
1330,7640
1331,7641
1332,7642
1333,7643
1334,7644
1335,7645
1336,7646
1337,7647
1338,7648
1339,7649
1340,7650
1341,7651
1342,7652
1343,7653
1344,7654
1345,7655
1346,7656
1347,7657
1348,7658
1349,7659
1350,7660
1351,7661
1352,7662
1353,7663
1354,7664
1355,7665
1356,7666
1357,7667
1358,7668
1359,7669
1360,7670
1361,7671
1362,7672
1363,7673
1364,7674
1365,7675
1366,7676
1367,7835
1380,8380
1381,8381
1382,8382
1383,8383
1384,8384
1385,8385
1386,8386
1387,8387
1388,8388
1389,8389
1390,8390
1391,8391
1392,8392
1393,8393
1394,8394
1395,8395
1396,8396
1397,8397
1398,8398
1399,8399
1400,8400
1401,8401
1402,8402
1403,8616
1404,8617
1406,8878
1407,8879
1408,8880
1409,8881
1410,8882
1411,8883
1412,8884
1413,8885
1414,8886
1415,8887
1416,8888
1417,8891
1418,8945
1419,8899
1420,8900
1421,8901
1422,8902
1423,8903
1424,8904
1425,8905
1426,8906
1427,8907
1428,8908
1429,8889
1430,8946
1431,10025
1432,10072
1433,10032
1434,10033
1435,10078
1436,10045
1437,10046
1438,10047
1439,10048
1440,10049
1441,10081
1442,10082
1443,10083
1444,10084
1445,10085
1446,10092
1447,10093
1448,10050
1450,10067
1451,10107
1452,10099
1453,10108
1454,10100
1455,10101
1456,10109
1457,10203
1458,10102
1459,10103
1460,10104
1469,10069
1470,10090
1473,10070
1475,10181
1476,10185
1477,10190
1478,10189
1479,10191
1480,10196
1481,10187
1482,10193
1483,10188
1484,10192
1485,10194
1486,10195
1487,10186
1488,10184
1510,10596
1511,10597
1512,10598
1513,10599
1514,10600
1515,10601
1516,10602
1517,10608
1518,10609
1519,10610
1520,12772
1521,12772
1522,12772
