player_class_id,item_template_id,amount,is_equipped
,5588,1,false
,10650,5,false
,12753,10,false
0,10,1,false
0,1146,1,true
0,1147,1,true
0,2369,1,true
10,6,1,true
10,425,1,true
10,461,1,true
18,10,1,false
18,1146,1,true
18,1147,1,true
18,2369,1,true
25,6,1,true
25,425,1,true
25,461,1,true
31,10,1,false
31,1146,1,true
31,1147,1,true
31,2369,1,true
38,6,1,true
38,425,1,true
38,461,1,true
44,1146,1,true
44,1147,1,true
44,2368,1,true
44,2369,1,false
49,425,1,true
49,461,1,true
49,2368,1,true
53,10,1,false
53,1146,1,true
53,1147,1,true
53,2370,1,true
123,10,1,false
123,1146,1,true
123,1147,1,true
123,2369,1,true
124,10,1,false
124,1146,1,true
124,1147,1,true
124,2369,1,true
