description,id,x,y,z,price,is_noble_only
"Dark Elven Town -> Town of Gludio",1,-12672,122776,-3116,10000,false
"Elven Town  -> Town of Gludio",2,-12672,122776,-3116,9200,false
"Town of Gludio -> Elven village",3,46934,51467,-2977,9200,false
"Town of Gludio -> Dark Elven village",4,9745,15606,-4574,10000,false
"Town of Gludio -> Village of Gludin",5,-80826,149775,-3043,7300,false
"Town of Gludio -> Dion",6,15670,142983,-2705,3400,false
"Village of Gludin -> Orc village",7,-44836,-112524,-235,26000,false
"Village of Gludin -> Dwarven village",8,115113,-178212,-901,38000,false
"Village of Gludin -> TI",9,-84318,244579,-3730,9400,false
"Village of Gludin -> Elven Village",10,46934,51467,-2977,16000,false
"Village of Gludin -> Dark Elven Village",11,9745,15606,-4574,16000,false
"Village of Gludin -> Town of Gludio",12,-12672,122776,-3116,7300,false
"Village of Gludin -> Southern entrance of wastelands",13,-16730,209417,-3664,3400,false
"Dark Elven Town -> Southern part of dark elven forest",14,-61095,75104,-3356,1100,false
"TI -> Village of Gludin",15,-80826,149775,-3043,18000,false
"Dwarf Town  -> Town of Gludio",16,-12672,122776,-3116,32000,false
"Dwarf Town -> The Northeast Coast",17,169008,-208272,-3504,2400,false
"Dion Town -> Town of Gludio",18,-12672,122776,-3116,3400,false
"Dion Town -> Town of Giran",19,83400,147943,-3404,6800,false
"Dion Town -> Giran Harbor",20,47942,186764,-3485,6500,false
"Cruma Tower 1st floor -> Cruma Tower Entrance",22,17192,114178,-3439,0,false
"Cruma Tower 1st floor -> Cruma Tower 2nd floor",23,17776,108288,-9056,0,false
"Cruma Tower 2nd floor -> Cruma Tower 1st floor",24,17724,114004,-11667,0,false
"Town of Giran -> Dion Town",25,15670,142983,-2705,6800,false
"Town of Giran -> Oren Town",26,82956,53162,-1495,9400,false
"Town of Giran -> Hunter Village",27,116819,76994,-2714,4100,false
"Town of Giran -> Hardin's Private Academy",28,105918,109759,-3207,4400,false
"TI Dungeon inside -> outside",29,-113329,235327,-3653,0,false
"TI Dungeon outside -> inside",30,48736,248463,-6162,0,false
"Ivory Tower Basement",31,84915,15969,-4294,0,false
"Ivory Tower Ground Floor",32,85399,16197,-3679,0,false
"Ivory Tower 1st Floor",33,85399,16197,-2809,0,false
"Ivory Tower 2nd Floor",34,85399,16197,-2293,0,false
"Ivory Tower 3th Floor",35,85399,16197,-1776,0,false
"Ivory Tower Ground Floor -> Oren Castle Town",36,82956,53162,-1495,3700,false
"Ivory Tower Ground Floor -> Hunter's Village",37,116819,76994,-2714,6800,false
"Ivory Tower Ground Floor -> Aden Castle Town",38,146331,25762,-2018,6200,false
"Aden Town -> Ivory Tower",39,85348,16142,-3699,12000,false
"Aden Town -> Oren Town",40,82956,53162,-1495,6900,false
"Aden Town -> Hunter's Village",41,116819,76994,-2714,5900,false
"Hunter's Village -> Giran Town",42,83400,147943,-3404,9400,false
"Hunter's Village -> Oren Town",43,82956,53162,-1495,4100,false
"Hunter's Village -> Ivory Tower",44,85348,16142,-3699,8200,false
"Hunter's Village -> Hardin's Private Academy",45,105918,109759,-3207,3400,false
"Hunter's Village -> Aden Town",46,146331,25762,-2018,5900,false
"Oren Town -> Giran Town",47,83400,147943,-3404,9400,false
"Oren Town -> Ivory Tower",48,85348,16142,-3699,3700,false
"Oren Town -> Hunter's Village",49,116819,76994,-2714,4100,false
"Oren Town -> Hardin's Private Academy",50,105918,109759,-3207,6100,false
"Oren Town -> Aden Town",51,146331,25762,-2018,6900,false
"Hardin's Private Academy -> Giran Town",52,83400,147943,-3404,4400,false
"Hardin's Private Academy -> Oren Town",53,82956,53162,-1495,6100,false
"Hardin's Private Academy -> Hunter's Village",54,116819,76994,-2714,3400,false
"Cruma level 2 -> Cruma level 3",55,17719,115590,-6584,0,false
"Cruma level 3 -> Cruma Core",56,17691,111726,-6583,0,false
"Cruma core -> Cruma level 3",57,17719,115590,-6584,0,false
"Cruma Tower 3rd floor -> Cruma Tower 2nd Floor",58,17731,119465,-9067,0,false
"Heine -> The Town of Giran",59,83400,147943,-3404,7600,false
"Heine -> Giran Harbor",60,47942,186764,-3485,7100,false
"Lair end -> Antharas Nest",61,173826,115333,-7708,0,false
"Antharas Nest - > Giran castle town",62,83400,147943,-3404,0,false
"Giran Harbor -> Giran Town",63,83400,147943,-3404,6300,false
"Giran Harbor -> Dion Town",64,15670,142983,-2705,6500,false
"Heine -> The Town of Dion",65,15670,142983,-2705,12000,false
"Heine -> Field of Silence",66,82684,183551,-3597,2500,false
"Heine -> Field of Whispers",67,91186,217104,-3649,2300,false
"Heine -> Entrance to Alligator Islands",68,115583,192261,-3488,2100,false
"Giran -> Dragon Valley",69,73024,118485,-3688,1800,false
"Giran -> Heine",70,111409,219364,-3545,7600,false
"Monster Derby Track",75,12661,181687,-3560,0,false
"Aden -> Coliseum",76,146440,46723,-3432,2000,false
"Aden -> Blazing Swamp",81,155310,-16339,-3320,6800,false
"Aden -> The Forbidden Gateway",82,185319,20218,-3264,1400,false
"Aden -> The Front of Anghell Waterfall",83,163341,91374,-3320,2400,false
"Aden -> Forsaken Plains",84,168217,37990,-4072,1900,false
"Dion -> Heine",85,111409,219364,-3545,12000,false
"Dion -> Partisan Hideaway",86,46467,126885,-3720,1700,false
"Dion -> Bee Hive",87,20505,189036,-3344,2900,false
"Gludio -> Windawood Manor",88,-23789,169683,-3424,1400,false
"Gludio -> Southern Pathway to the Wasteland",89,-16730,209417,-3664,2400,false
"Gludin -> Abandoned Camp",90,-46932,140883,-2936,1200,false
"Gludin -> Fellmere Harvest Grounds",91,-70387,115501,-3472,1400,false
"Gludin -> Langk Lizardman Dwelling",92,-45210,202654,-3592,1800,false
"Orc Village -> Immortal Plateau,Northern Region",93,-8804,-114748,-3088,960,false
"Orc Village -> Immortal Plateau,Southern Region",94,-17870,-90980,-2528,2000,false
"Orc Village -> Immortal Plateau,Southeast Region",95,8209,-93524,-2312,750,false
"Orc Village -> Frozen Waterfall",96,7603,-138871,-920,1600,false
"Oren -> Plains of Lizardmen",97,87252,85514,-3056,1900,false
"Oren -> Sea of Spores",98,64328,26803,-3768,2500,false
"Hunters -> Northern Pathway of Enchanted Valley",99,104426,33746,-3800,3600,false
"Hunters -> Southern Pathway of Enchanted Valley",100,124904,61992,-3920,1300,false
"Hunters -> Entrance to the Forest of Mirrors",101,142065,81300,-3000,2000,false
"Hunters -> The Front of Anghel Waterfall",102,163341,91374,-3320,4000,false
"Giran Harbor -> Heine",107,111409,219364,-3545,8500,false
"Goddard -> Rune Castle Village",108,43799,-47727,-798,10000,false
"Goddard -> Varka Silenos Stronghold",109,125543,-40953,-3724,4200,false
"Goddard -> Ketra Orc Outpost",110,146954,-67390,-3660,1800,false
"Goddard -> Entrance to the Forge of the Gods",111,169178,-116244,-2421,2300,false
"Rune -> Goddard Castle Village",119,147928,-55273,-2734,10000,false
"Rune -> The Town of Giran",120,83400,147943,-3404,59000,false
"Rune -> Aden Castle Town",121,146331,25762,-2018,37000,false
"Rune -> Rune Castle Town Guild",122,38320,-48092,-1153,150,false
"Rune -> Rune Castle Town Temple",123,38275,-48065,896,150,false
"Rune -> Entrance to the Forest of the Dead",124,52112,-53939,-3159,1200,false
"Rune -> Western Entrance to the Swamp of Screams",125,70006,-49902,-3251,3000,false
"Rune -> Rune Castle Town Store",131,43799,-47727,-798,150,false
"Goddard -> Aden Castle Town",132,146331,25762,-2018,8100,false
"Aden -> Rune",134,43799,-47727,-798,37000,false
"Aden -> Goddard",135,147928,-55273,-2734,8100,false
"Giran Town -> Giran Harbor",136,47942,186764,-3485,5200,false
"TOI - 1st Floor",201,115168,16022,-5100,100000,false
"TOI - 2nd Floor",202,114649,18587,-3609,150000,false
"TOI - 3rd Floor",203,117918,16039,-2127,200000,false
"TOI - 4th Floor",204,114622,12946,-645,250000,false
"TOI - 5th Floor",205,112209,16078,928,300000,false
"TOI - 6th Floor",206,112376,16099,1947,350000,false
"TOI - 7th Floor",207,114448,16175,2994,400000,false
"TOI - 8th Floor",208,111063,16118,3967,450000,false
"TOI - 9th Floor",209,117147,18415,4977,500000,false
"TOI - 10th Floor",210,118374,15973,5987,550000,false
"TOI - 11th Floor",211,112209,16078,7028,600000,false
"TOI - 12th Floor",212,114809,18711,7996,650000,false
"TOI - 13th Floor",213,115178,16989,9007,700000,false
"TOI - 14th Floor Outside Door",214,112714,14111,10077,800000,false
"TOI - 14th Floor Inside On Roof",215,113098,14532,10077,900000,false
"Cat Heretics Entrance",250,-53174,-250275,-7911,0,false
"Cat Heretics Exit",251,42514,143917,-5385,0,false
"Cat Branded Entrance",252,46217,170290,-4983,0,false
"Cat Branded Exit",253,45770,170299,-4985,0,false
"Cat Apostate Entrance",254,-20230,-250780,-8168,0,false
"Cat Apostate Exit",255,77225,78362,-5119,0,false
"Cat Witch Entrance",256,140404,79678,-5431,0,false
"Cat Witch Exit",257,139965,79678,-5433,0,false
"Cat DarkOmen Entrance",258,-19500,13508,-4905,0,false
"Cat DarkOmen Exit",259,-19931,13502,-4905,0,false
"Cat ForbiddenPath Entrance",260,12521,-248481,-9585,0,false
"Cat ForbiddenPath Exit",261,113429,84540,-6545,0,false
"Necro Sacrifice Entrance",262,-41570,209785,-5089,0,false
"Necro Sacrifice Exit",263,-41567,209292,-5091,0,false
"Necro Pilgrims Entrance",264,45251,123890,-5415,0,false
"Necro Pilgrims Exit",265,45250,124366,-5417,0,false
"Necro Worshippers Entrance",266,111273,174015,-5417,0,false
"Necro Worshippers Exit",267,110818,174010,-5443,0,false
"Necro Patriots Entrance",268,-21726,77385,-5177,0,false
"Necro Patriots Exit",269,-22197,77369,-5177,0,false
"Necro Ascetics Entrance",270,-52254,79103,-4743,0,false
"Necro Ascetics Exit",271,-52716,79106,-4745,0,false
"Necro Martyrs Entrance",272,118308,132800,-4833,0,false
"Necro Martyrs Exit",273,117793,132810,-4835,0,false
"Necro Saints Entrance",274,83000,209213,-5443,0,false
"Necro Saints Exit",275,82608,209225,-5443,0,false
"Necro Disciples Entrance",276,172251,-17605,-4903,0,false
"Necro Disciples Exit",277,171902,-17595,-4905,0,false
"Dion(artifact -> out)",350,22967,157715,-2954,0,false
"Dion(artifact -> hall)",351,22090,159871,-2711,0,false
"Dion(artifact -> outofcastle)",352,22448,155798,-2958,0,false
"Dion(in -> artifact)",353,22592,161530,-2775,0,false
"Dion(in -> out)",354,22967,157715,-2954,0,false
"Dion(in -> outofcastle)",355,22448,155798,-2958,0,false
"Dion(out -> artifact)",356,22592,161530,-2775,0,false
"Dion(out -> hall)",357,22090,159871,-2711,0,false
"Dion(out -> outofcastle)",358,22448,155798,-2958,0,false
"Dion(outofcastle -> artifact)",359,22592,161530,-2775,0,false
"Dion(outofcastle -> out)",360,22967,157715,-2954,0,false
"Dion(outofcastle -> hall)",361,22090,159871,-2711,0,false
"Giran(artifact -> out)",362,113892,144175,-2714,0,false
"Giran(artifact -> hall)",363,115984,145073,-2584,0,false
"Giran(artifact -> outofcastle)",364,112016,144682,-2833,0,false
"Giran(in -> artifact)",365,117619,144564,-2648,0,false
"Giran(in -> out)",366,113892,144175,-2714,0,false
"Giran(in -> outofcastle)",367,112016,144682,-2833,0,false
"Giran(out -> artifact)",368,117619,144564,-2648,0,false
"Giran(out -> hall)",369,115984,145073,-2584,0,false
"Giran(out -> outofcastle)",370,112016,144682,-2833,0,false
"Giran(outofcastle -> artifact)",371,117619,144564,-2648,0,false
"Giran(outofcastle -> out)",372,113892,144175,-2714,0,false
"Giran(outofcastle -> hall)",373,115984,145073,-2584,0,false
"Oren(artifact -> out)",374,79956,36351,-2532,0,false
"Oren(artifact -> hall)",375,82113,37217,-2311,0,false
"Oren(artifact -> outofcastle)",376,78079,36809,-2566,0,false
"Oren(in -> artifact)",377,83710,36713,-2375,0,false
"Oren(in -> out)",378,79956,36351,-2532,0,false
"Oren(in -> outofcastle)",379,78079,36809,-2566,0,false
"Oren(out -> artifact)",380,83710,36713,-2375,0,false
"Oren(out -> hall)",381,82113,37217,-2311,0,false
"Oren(out -> outofcastle)",382,78079,36809,-2566,0,false
"Oren(outofcastle -> artifact)",383,83710,36713,-2375,0,false
"Oren(outofcastle -> out)",384,79956,36351,-2532,0,false
"Oren(outofcastle -> hall)",385,82113,37217,-2311,0,false
"Gludio(artifact -> out)",386,-18941,112085,-2762,0,false
"Gludio(artifact -> hall)",387,-18129,109898,-2517,0,false
"Gludio(artifact -> outofcastle)",388,-18484,113897,-2772,0,false
"Gludio(in -> artifact)",389,-18592,108271,-2581,0,false
"Gludio(in -> out)",390,-18941,112085,-2762,0,false
"Gludio(in -> outofcastle)",391,-18484,113897,-2772,0,false
"Gludio(out -> artifact)",392,-18592,108271,-2581,0,false
"Gludio(out -> hall)",393,-18129,109898,-2517,0,false
"Gludio(out -> outofcastle)",394,-18484,113897,-2772,0,false
"Gludio(outofcastle -> artifact)",395,-18592,108271,-2581,0,false
"Gludio(outofcastle -> out)",396,-18941,112085,-2762,0,false
"Gludio(outofcastle -> hall)",397,-18129,109898,-2517,0,false
"Aden(artifact -> out)",398,147723,7916,-475,0,false
"Aden(artifact -> in)",399,148580,4578,-408,0,false
"Aden(artifact -> outofcastle)",400,147582,8753,-496,0,false
"Aden(artifact -> hall)",401,147520,6107,-409,0,false
"Aden(in -> artifact)",402,1147499,2544,-473,0,false
"Aden(in -> out)",403,147723,7916,-475,0,false
"Aden(in -> outofcastle)",404,147582,8753,-496,0,false
"Aden(in -> hall)",405,147520,6107,-409,0,false
"Aden(out -> artifact)",406,147499,2544,-473,0,false
"Aden(out -> in)",407,148580,4578,-408,0,false
"Aden(out -> outofcastle)",408,147582,8753,-496,0,false
"Aden(out -> hall)",409,147520,6107,-409,0,false
"Aden(outofcastle -> artifact)",410,147499,2544,-473,0,false
"Aden(outofcastle -> out)",411,147723,7916,-475,0,false
"Aden(outofcastle -> in)",412,148580,4578,-408,0,false
"Aden(outofcastle -> hall)",413,147520,6107,-409,0,false
"Aden(hall) -> artifact)",414,147499,2544,-473,0,false
"Aden(hall) -> out)",415,147723,7916,-475,0,false
"Aden(hall) -> in)",416,148580,4578,-408,0,false
"Aden(hall) -> outofcastle)",417,147582,8753,-496,0,false
"Dwarven Town -> Abandoned Coal Mines",418,139714,-177456,-1536,690,false
"Dwarven Town -> Mithril Mines",419,171946,-173352,3448,2200,false
"Lair Of Valakas",420,208884,-113705,-256,0,false
"Disciples Necropolis -> Anakim/Lilith",450,185061,-9612,-5492,0,false
"Anakim/Lilith -> Disciples Necropolis",451,183225,-11911,-4897,0,false
"Talking Island -> Obelisk of Victory",460,-99843,237583,-3568,200,false
"Talking Island -> Western Territory of Talking Island (Northern Area)",461,-102850,215932,-3424,3000,false
"Talking Island -> Elven Ruins",462,49315,248452,-5960,2500,false
"Talking Island -> Singing Waterfall",463,-113686,235723,-3640,2300,false
"DE Village -> Dark Forest",464,-22224,14168,-3232,890,false
"DE Village -> Spider Nest",465,-56532,78321,-2960,3600,false
"DE Village -> Swampland",466,-30777,49750,-3552,1100,false
"DE Village -> Neutral Zone",467,-23520,68688,-3640,1700,false
"Elven Village -> Elven Forest",468,21362,51122,-3688,710,false
"Elven Village -> Neutral Zone",469,-10674,75550,-3597,740,false
"Elven Village -> Elven Fortress",470,29294,74968,-3776,820,false
"Orc Village -> Entrance to the Cave of Trials",471,9340,-112509,-2536,1500,false
"Clan Hall -> Execution Grounds",502,51055,141959,-2869,500,false
"Clan Hall -> Fortress of Resistance",503,47382,111278,-104,500,false
"Clan Hall -> Cruma Marshlands",504,5106,126916,-3664,500,false
"Clan Hall -> Cruma Tower Entrance",505,17192,114178,-3439,500,false
"Clan Hall -> Town of Dion",507,15670,142983,-2705,500,false
"Clan Hall -> Floran Village",508,17430,170103,-3496,500,false
"Clan Hall -> Tanor Canyon",510,60374,164301,-2856,500,false
"Clan Hall -> Bee Hive",511,20505,189036,-3344,500,false
"Clan Hall -> Floran Agricultural Area",513,26810,172787,-3376,500,false
"Clan Hall -> Plains of Dion",514,630,179184,-3720,500,false
"Clan Hall -> Hardin's Academy",517,105918,109759,-3207,500,false
"Clan Hall -> Dragon Valley",518,122824,110836,-3720,500,false
"Clan Hall -> Death Pass",521,70000,126636,-3804,500,false
"Clan Hall -> Pirate Tunnel",522,41298,200350,-4583,500,false
"Clan Hall -> Giran Harbor",524,47942,186764,-3485,500,false
"Clan Hall -> Giran Castle Town",525,83400,147943,-3404,500,false
"Clan Hall -> Giran Arena",526,73890,142656,-3778,500,false
"Clan Hall -> Breka's Stronghold",528,79798,130624,-3677,500,false
"Clan Hall -> Gorgon Flower Garden",529,113553,134813,-3640,500,false
"Clan Hall -> Ivory Tower",581,85348,16142,-3699,500,false
"Clan Hall -> Town of Oren",582,82956,53162,-1495,500,false
"Clan Hall -> Plains of Lizardmen",584,87252,85514,-3056,500,false
"Clan Hall -> Skyshadow Meadow",585,82764,61145,-3502,500,false
"Clan Hall -> Spider Nest",588,-56532,78321,-2960,500,false
"Clan Hall -> Timak Outpost",589,67097,68815,-3648,500,false
"Clan Hall -> Forest of Evil",591,93218,16969,-3904,500,false
"Clan Hall -> Outlaw Forest",592,85995,-2433,-3528,500,false
"Clan Hall -> Tower of Insolence",598,114649,11115,-5120,500,false
"Clan Hall -> The Blazing Swamp",599,146828,-12859,-4455,500,false
"Clan Hall -> The Forbidden Gateway",601,185395,20359,-3270,500,false
"Clan Hall -> The Giants Cave",602,174528,52683,-4369,500,false
"Clan Hall -> Northern Pathway of Enchanted Valley",603,104426,33746,-3800,500,false
"Clan Hall -> The Cemetery",604,172136,20325,-3326,500,false
"Clan Hall -> The Forest of Mirrors",605,150477,85907,-2753,500,false
"Clan Hall -> Anghel Waterfall",606,165584,85997,-2338,500,false
"Clan Hall -> Aden Castle Town",607,146331,25762,-2018,500,false
"Clan Hall -> Hunters Village",608,117110,76883,-2695,500,false
"Clan Hall -> Border Outpost(Aden Side)",609,109699,-7908,-2902,500,false
"Clan Hall -> Coliseum",610,150086,46733,-3412,500,false
"Clan Hall -> Ancient Battleground",613,106517,-2871,-3416,500,false
"Clan Hall -> Forsaken Plains",614,168217,37990,-4072,500,false
"Clan Hall -> Silent Valley",615,177318,48447,-3835,500,false
"Clan Hall -> Hunters Valley",616,114306,86573,-3112,500,false
"Clan Hall -> Plains of Glory",617,135756,19557,-3424,500,false
"Clan Hall -> Fields of Massacre",618,181726,-7524,-3464,500,false
"Clan Hall -> War-Torn Plains",619,156898,11217,-4032,500,false
"Clan Hall -> Border Outpost(Unknown Side)",620,114172,-18034,-1875,500,false
"Clan Hall -> Rune Castle Town - Shopping Area",621,43835,-47749,-796,0,false
"Clan Hall -> Rune Castle Town - Temple",622,38303,-48044,897,0,false
"Clan Hall -> Rune Castle Town - North Gate",623,38956,-53648,-1343,0,false
"Clan Hall -> Rune Castle Town - Harbor",624,38025,-38359,-3608,0,false
"Clan Hall -> Beast Farm",625,42598,-88832,-3124,500,false
"Clan Hall -> Forest of the Dead - East Entrance",626,61868,-48890,-3128,500,false
"Clan Hall -> Forest of the Dead - West Entrance",627,45555,-56081,-3667,500,false
"Clan Hall -> Swamp of Screams - East Entrance",628,94152,-58694,-2832,500,false
"Clan Hall -> Swamp of Screams - West Entrance",629,69999,-49929,-3253,500,false
"Clan Hall -> Valley of the Saints",630,65800,-71526,-3747,500,false
"Clan Hall -> Village Square",631,147728,-56331,-2776,0,false
"Clan Hall -> North Gate Entrance",632,147731,-58930,-2976,0,false
"Clan Hall -> East Gate Entrance",633,150561,-57489,-2976,0,false
"Clan Hall -> West Gate Entrance",634,144866,-57464,-2976,0,false
"Clan Hall -> Forge of the Gods",635,168902,-116703,-2417,0,false
"Clan Hall -> Garden of Beasts",636,129138,-60864,-3576,500,false
"Clan Hall -> Swamp of Screams",637,70006,-49902,-3251,500,false
"Clan Hall -> Valley of Saints",638,67992,-72012,-3748,500,false
"Clan Hall -> Monastery of Silence",639,123743,-75032,-2902,500,false
"Clan Hall -> Wall of Argos",640,164564,-48145,-3536,500,false
"Clan Hall -> Hot Springs",641,144880,-113468,-2560,500,false
"Clan Hall -> Ketra Orc Outpost",642,146990,-67128,-3640,500,false
"Clan Hall -> Goddard Border Checkpoint",643,157560,-33269,-3320,500,false
"Clan Hall -> Aden Border Checkpoint",644,125381,-33536,-3848,500,false
"Clan Hall -> Garden of Beasts",645,129138,-60864,-3576,500,false
"Clan Hall -> Devil's Pass",646,106849,-62061,-2968,500,false
"Clan Hall -> Varka Silenos Outpost",647,125740,-40864,-3736,500,false
"Clan Hall -> Village Square",648,-82445,150788,-3129,0,false
"Clan Hall -> North Gate Entrance",649,-83331,148563,-3148,0,false
"Clan Hall -> East Gate Entrance",650,-78405,152723,-3181,0,false
"Clan Hall -> Nanmen Entrance",651,-77460,155995,-3194,0,false
"Clan Hall -> West Gate Entrance",652,-85138,152749,-3160,0,false
"Clan Hall -> Neutral Zone",653,-10612,75881,-3592,500,false
"Clan Hall -> Langk Lizardmen Dwellings",654,-36961,201895,-2760,500,false
"Clan Hall -> Windy Hill",655,-88539,83389,-2864,500,false
"Clan Hall -> Orc Barracks",656,-85329,106369,-3603,500,false
"Clan Hall -> Fellmere Harvesting Ground",657,-63736,101522,-3552,500,false
"Clan Hall -> Ruins of Agony",658,-41055,122647,-2889,500,false
"Clan Hall -> Abandoned Camp",659,-49853,147089,-2784,500,false
"Clan Hall -> Forgotten Temple",660,-52369,191259,-3610,500,false
"Clan Hall -> The Ant Nest",661,-14913,170017,-2893,500,false
"Clan Hall -> Wasteland",662,-47506,179572,-3669,500,false
"Clan Hall -> Ol Mahum Checkpoint",663,-17279,208954,-3664,500,false
"Clan Hall -> Ant Cave South Entrance",664,-16019,193365,-4488,500,false
"Clan Hall -> Ant Cave East Entrance",665,-10875,175962,-4152,500,false
"Clan Hall -> Ant Cave West Entrance",666,-25899,172857,-4186,500,false
"Clan Hall -> Altar of Rites",667,-44311,78617,-3744,500,false
"Clan Hall -> Windmill Hill",668,-75347,168800,-3632,500,false
"TI -> Obelisk of Victory",1001,-99678,237562,-3567,470,false
"TI -> Western Territory",1002,-101294,212553,-3093,1000,false
"TI -> Elven Ruins",1003,-113329,235327,-3653,830,false
"TI -> Singing Waterfall",1004,-107456,242669,-3493,770,false
"TI -> Dark Elven Village",1005,9745,15606,-4574,24000,false
"TI -> Dwarven Village",1006,115113,-178212,-901,46000,false
"TI -> Elven Village",1007,46934,51467,-2977,23000,false
"TI -> Orc Village",1008,-44836,-112524,-235,35000,false
"DE Village -> Dwarven Village",1009,115113,-178212,-901,22000,false
"DE Village -> TI Village",1010,-84318,244579,-3730,24000,false
"DE Village -> Orc Village",1012,-44836,-112524,-235,13000,false
"Elven Village -> Neutral Zone",1013,-10674,75550,-3597,1700,false
"Elven Village -> Dwarven Village",1014,115113,-178212,-901,23000,false
"Elven Village -> TI Village",1015,-84318,244579,-3730,23000,false
"Elven Village -> Orc Village",1016,-44836,-112524,-235,18000,false
"Dwarven Village -> DE Village",1017,9745,15606,-4574,22000,false
"Dwarven Village -> Elven Village",1018,46934,51467,-2977,23000,false
"Dwarven Village -> TI Village",1019,-84318,244579,-3730,46000,false
"Dwarven Village -> Schuttgart",1020,87386,-143246,-1293,4400,false
"Dwarven Village -> Orc Village",1021,-44836,-112524,-235,17000,false
"Dwarven Village -> Central Shore",1022,136910,-205082,-3664,970,false
"Orc Village -> Town of Gludio",1023,-12672,122776,-3116,23000,false
"Orc Village -> Schuttgart",1024,87386,-143246,-1293,13000,false
"Orc Village -> DE Village",1025,9745,15606,-4574,13000,false
"Orc Village -> Dwarven Village",1026,115113,-178212,-901,17000,false
"Orc Village -> TI Village",1027,-84318,244579,-3730,35000,false
"Orc Village -> Elven Village",1028,46934,51467,-2977,18000,false
"Gludin Village -> Windmill Hill",1029,-68628,162336,-3592,550,false
"Gludin Village -> Forgotten Temple",1030,-52841,190730,-3518,2000,false
"Gludio -> Ant Cave",1031,-9993,176457,-4182,2100,false
"Gludin Village -> Crimson Boulder Ridge",1032,-42256,198333,-2800,3700,false
"Gludio -> Orc Village",1033,-44836,-112524,-235,23000,false
"Gludio -> Dwarven Village",1034,115113,-178212,-901,32000,false
"Gludio -> Schuttgart",1035,87386,-143246,-1293,85000,false
"Gludio -> Heine",1036,111409,219364,-3545,47000,false
"Gludio -> Aden Castle Town",1037,146331,25762,-2018,56000,false
"Gludio -> Oren Castle Town",1038,82956,53162,-1495,35000,false
"Gludio -> Goddard Castle Town",1039,147928,-55273,-2734,71000,false
"Gludio -> Giran Castle Town",1040,83400,147943,-3404,29000,false
"Gludio -> Rune Castle Town",1041,43799,-47727,-798,53000,false
"Gludio -> Ruins of Agony",1042,-42504,120046,-3519,790,false
"Gludio -> Ruins of Despair",1043,-20057,137618,-3897,610,false
"Gludin -> Turek Orc",1044,-89839,105362,-3580,1800,false
"Gludio -> Windmill Hill",1045,-68628,162336,-3592,2600,false
"Dion -> Goddard",1046,147928,-55273,-2734,71000,false
"Dion -> Rune Castle Town",1047,43799,-47727,-798,57000,false
"Dion -> Schuttgart",1048,87386,-143246,-1293,88000,false
"Dion -> Aden",1049,146331,25762,-2018,52000,false
"Dion -> Oren",1050,82956,53162,-1495,33000,false
"Dion -> Cruma Marshlands",1051,5106,126916,-3664,760,false
"Dion -> Cruma Tower",1052,17192,114178,-3439,2300,false
"Dion -> Dion Pasture",1053,630,179184,-3720,1500,false
"Dion -> Tanor Canyon",1054,58316,163851,-2816,3800,false
"Giran -> Gludio",1055,-12672,122776,-3116,29000,false
"Giran -> Goddard",1056,147928,-55273,-2734,63000,false
"Giran -> Rune",1057,43799,-47727,-798,59000,false
"Giran -> Schuttgart",1058,87386,-143246,-1293,87000,false
"Giran -> Aden",1059,146331,25762,-2018,13000,false
"Giran -> Antharas Lair",1060,132828,114421,-3725,7000,false
"Giran -> Devil Isle",1061,43408,206881,-3752,5700,false
"Giran -> Brekas Stronghold",1062,79798,130624,-3677,1000,false
"Heine -> Oren",1063,82956,53162,-1495,50000,false
"Heine -> Aden",1064,146331,25762,-2018,59000,false
"Heine -> Goddard",1065,147928,-55273,-2734,83000,false
"Heine -> Rune",1066,43799,-47727,-798,82000,false
"Heine -> Schuttgart",1067,87386,-143246,-1293,100000,false
"Heine -> Gludio",1068,-12672,122776,-3116,47000,false
"Heine -> Garden of Eva",1069,86006,231069,-3600,2400,false
"Oren -> Rune",1070,43799,-47727,-798,10000,false
"Oren -> Goddard",1071,147928,-55273,-2734,37000,false
"Oren -> Heine",1072,111409,219364,-3545,50000,false
"Oren -> Dion",1073,15670,142983,-2705,33000,false
"Oren -> Schuttgart",1074,87386,-143246,-1293,59000,false
"Oren -> Gludio",1075,-12672,122776,-3116,35000,false
"Oren -> Skyshadow Meadow",1076,82764,61145,-3502,780,false
"Oren -> Forest Outlaw",1077,85995,-2433,-3528,5200,false
"Aden -> Giran",1078,83400,147943,-3404,13000,false
"Aden -> Heine",1079,111409,219364,-3545,59000,false
"Aden -> Schuttgart",1080,87386,-143246,-1293,53000,false
"Aden -> Dion",1081,15670,142983,-2705,52000,false
"Aden -> Gludio",1082,-12672,122776,-3116,56000,false
"Aden -> Seal of Shilen",1083,184742,19745,-3168,3300,false
"Aden -> Forest of Mirrors",1084,142065,81300,-3000,4400,false
"Aden -> Fields of Massacre",1085,183543,-14974,-2776,6500,false
"Aden -> Ancient Battleground",1086,106517,-2871,-3416,5900,false
"Aden -> Silent Valley",1087,170838,55776,-5280,6100,false
"Aden -> ToI",1088,114649,11115,-5120,4200,false
"Goddard -> Gludio",1089,-12672,122776,-3116,71000,false
"Goddard -> Giran",1090,83400,147943,-3404,63000,false
"Goddard -> Dion",1091,15670,142983,-2705,71000,false
"Goddard -> Heine",1092,111409,219364,-3545,83000,false
"Goddard -> Schuttgart",1093,87386,-143246,-1293,10000,false
"Goddard -> Oren",1094,82956,53162,-1495,37000,false
"Goddard -> Hot Springs",1095,149594,-112698,-2065,9300,false
"Goddard -> Wall of Argos",1096,165054,-47861,-3560,2200,false
"Goddard -> Monastery of silence",1097,106414,-87799,-2920,10000,false
"Rune -> Dion",1098,15670,142983,-2705,57000,false
"Rune -> Gludio",1099,-12672,122776,-3116,53000,false
"Rune -> Heine",1100,111409,219364,-3545,82000,false
"Rune -> Schuttgart",1101,87386,-143246,-1293,10000,false
"Rune -> Oren",1102,82956,53162,-1495,10000,false
"Rune -> Beast Farm",1103,57059,-82976,-2847,4800,false
"Rune -> Valley of Saints",1104,67992,-72012,-3748,3800,false
"Rune -> Monastery of Silence",1105,123743,-75032,-2902,14000,false
"Schuttgart -> Rune",1106,43799,-47727,-798,10000,false
"Schuttgart -> Goddard",1107,147928,-55273,-2734,10000,false
"Schuttgart -> Aden",1108,146331,25762,-2018,53000,false
"Schuttgart -> Oren",1109,82956,53162,-1495,59000,false
"Schuttgart -> Heine",1110,111409,219364,-3545,100000,false
"Schuttgart -> Giran",1111,83400,147943,-3404,87000,false
"Schuttgart -> Dion",1112,15670,142983,-2705,88000,false
"Schuttgart -> Gludio",1113,-12672,122776,-3116,85000,false
"Schuttgart -> Orc Village",1114,-44836,-112524,-235,13000,false
"Schuttgart -> Dwarven Village",1115,115113,-178212,-901,4400,false
"Schuttgart -> Den of Evil",1116,68693,-110438,-1904,3000,false
"Schuttgart -> Plunderous Plains",1117,111965,-154172,-1528,1600,false
"Schuttgart -> Frozen Labyrinth",1118,113903,-108752,-848,3500,false
"Schuttgart -> Crypt of Disgrace",1119,47692,-115745,-3744,1900,false
"Schuttgart -> Pavel Ruins",1120,91280,-117152,-3928,2100,false
"Gludin -> Windy Hill",1121,-88525,83379,-2864,2600,false
"Kamael Vilage -> Town of Aden",1122,146331,25762,-2018,26000,false
"Kamael Vilage -> Talking Island Village",1123,-84318,244579,-3730,20000,false
"Kamael Vilage -> Dark Elf Village",1124,9745,15606,-4574,13000,false
"Kamael Vilage -> Elven Village",1125,46934,51467,-2977,16000,false
"Kamael Vilage -> Dwarven Village",1126,115113,-178212,-901,32000,false
"Kamael Vilage -> Orc Village",1127,-44836,-112524,-235,17000,false
"Kamael Vilage -> Stronghold I",1128,-122410,73205,-2872,2600,false
"Kamael Vilage -> Stronghold II",1129,-95540,52150,-2024,2200,false
"Kamael Vilage -> Stronghold III",1130,-85928,37095,-2048,3200,false
"Kamael Vilage -> Isle of Souls Harbor",1131,-74016,51932,-3680,4300,false
"Kamael Vilage -> Stronghold I free",1132,-122410,73205,-2872,0,false
"Kamael Vilage -> Stronghold II free",1133,-95540,52150,-2024,0,false
"Kamael Vilage -> Stronghold III free",1134,-85928,37095,-2048,0,false
"Strongolds -> Kamael Village free",1135,-117251,46771,360,0,false
"Soul Isle Harbor -> The Town of Gludio",1136,-12672,122776,-3116,9300,false
"Soul Isle Harbor -> Town of Aden",1137,146331,25762,-2018,22000,false
"Soul Isle Harbor -> The Town of Gludio",1138,-117251,46771,360,4300,false
"Kamael Vilage -> The Town of Gludio",1139,-12672,122776,-3116,12000,false
"Gludio Outer -> Out",2001,-18372,113315,-2760,0,false
"Gludio Outer -> In",2002,-18395,112831,-2768,0,false
"Gludio Inner -> Out",2003,-18115,110679,-2528,0,false
"Gludio Inner -> In",2004,-18123,110210,-2512,0,false
"Dion Outer -> Out",2005,22315,156447,-2962,0,false
"Dion Outer -> In",2006,22315,156909,-2962,0,false
"Dion Inner -> Out",2007,22073,159057,-2725,0,false
"Dion Inner -> In",2008,22073,159516,-2706,0,false
"Giran Outer -> Out",2009,112568,144869,-2835,0,false
"Giran Outer -> In",2010,113123,144869,-2835,0,false
"Giran Inner -> Out",2011,115209,145089,-2604,0,false
"Giran Inner -> In",2012,115727,145096,-2579,0,false
"Oren Outer -> Out",2013,78618,36955,-2562,0,false
"Oren Outer -> In",2014,79211,36955,-2562,0,false
"Oren Inner -> Out",2015,81285,37190,-2337,0,false
"Oren Inner -> In",2016,81789,37190,-2306,0,false
"Aden Outer -> Out",2017,147455,8808,-495,0,false
"Aden Outer -> In",2018,147455,7966,-470,0,false
"Aden Inner -> Out",2019,145616,4614,-436,0,false
"Aden Inner -> In",2020,146374,4599,-403,0,false
"Aden Inner -> Out",2021,149283,4610,-432,0,false
"Aden Inner -> In",2022,148575,4607,-403,0,false
"Aden Hall -> Out",2023,147456,6357,-407,0,false
"Aden Hall -> In",2024,147456,6058,-407,0,false
"Aden Terrace -> Out",2025,147458,2010,217,0,false
"Aden Terrace -> In",2026,147458,2408,219,0,false
"Innadril Outer -> Out",2027,116263,245174,-1058,0,false
"Innadril Outer -> In",2028,116263,245750,-1058,0,false
"Innadril Inner -> Out",2029,116021,247821,-826,0,false
"Innadril Inner -> In",2030,116021,248272,-805,0,false
"Goddard Outer -> Out",2031,147459,-45221,-2084,0,false
"Goddard Outer -> In",2032,147459,-45789,-2084,0,false
"Goddard Inner -> Out",2033,145514,-48241,-2383,0,false
"Goddard Inner -> In",2034,146026,-48241,-2383,0,false
"Goddard Inner -> Out",2035,149430,-48245,-2383,0,false
"Goddard Inner -> In",2036,148928,-48245,-2383,0,false
"Goddard Terrace -> Out",2037,148748,-48951,-687,0,false
"Goddard Terrace -> In",2038,148736,-49201,-688,0,false
"Goddard Terrace -> Out",2039,146177,-48942,-687,0,false
"Goddard Terrace -> In",2040,146181,-49209,-686,0,false
"Rune Outer -> Out",2041,18788,-49149,-1240,0,false
"Rune Outer -> In",2042,17716,-49149,-1190,0,false
"Rune Inner -> Out",2043,16037,-49149,-1060,0,false
"Rune Inner -> In",2044,15573,-49162,-1058,0,false
"Rune Inner -> Out",2045,12858,-51332,-1089,0,false
"Rune Inner -> In",2046,12858,-50860,-1089,0,false
"Schuttgart Outer -> Out",2047,77544,-149250,-355,0,false
"Schuttgart Outer -> In",2048,77544,-149869,-355,0,false
"Schuttgart Inner -> Out",2049,75577,-152303,-651,0,false
"Schuttgart Inner -> In",2050,76091,-152303,-651,0,false
"Schuttgart Inner -> Out",2051,79519,-152303,-651,0,false
"Schuttgart Inner -> In",2052,79009,-152303,-651,0,false
"Schuttgart Terrace -> Out",2053,76260,-152991,1044,0,false
"Schuttgart Terrace -> In",2054,76267,-153275,1044,0,false
"Schuttgart Terrace -> Out",2055,78843,-153008,1044,0,false
"Schuttgart Terrace -> In",2056,78832,-153271,1044,0,false
"Gludin Arena - 1000 adena",9000,-87328,142266,-3640,1000,false
"Coliseum - 1000 adena",9001,146440,46723,-3432,1000,false
"Giran Arena - 1000 adena",9002,73579,142709,-3768,1000,false
"Forgotten Temple - 1000 adena",9010,-54026,179504,-4640,1000,false
"Wasteland  - 1000 adena",9011,-47506,179572,-3632,1000,false
"Silent Valley - 1000 adena",9020,181737,46469,-4352,1000,false
"Plains of Glory - 1000 adena",9021,135756,19557,-3424,1000,false
"War-Torn Plains - 1000 adena",9022,156898,11217,-4032,1000,false
"Tower of Insolence,3rd Floor - 1000 adena",9023,110848,16154,-2120,1000,false
"Tower of Insolence,5th Floor - 1000 adena",9024,118404,15988,832,1000,false
"Tower of Insolence,7th Floor - 1000 adena",9025,115064,12181,2960,1000,false
"Tower of Insolence,10th Floor - 1000 adena",9026,118525,16455,5984,1000,false
"Tower of Insolence,13th Floor - 1000 adena",9027,115384,16820,9000,1000,false
"Hunters Valley - 1000 adena",9028,114306,86573,-3112,1000,false
"Angel Waterfall - 1000 adena",9029,166182,91560,-3168,1000,false
"Forest of Mirrors - 1000 adena",9030,166080,75574,-2992,1000,false
"Enchanted Valley - 1000 adena",9031,114674,44150,-3376,1000,false
"Hunters Valley - 1000 adena",9032,114306,86573,-3112,1000,false
"Gorgon Flower Garden - 1000 adena",9040,113553,134813,-3640,1000,false
"Antharas Lair 1 - 1000 adena",9041,147071,120156,-4520,1000,false
"Antharas Lair 2 - 1000 adena",9042,151689,112615,-5520,1000,false
"Dragon Valley - 1000 adena",9043,116425,109898,-3424,1000,false
"Antharas Lair,Heart of Warding - 1000 adena",9044,154396,121235,-3808,1000,false
"Dragon Valley,Traders Post - 1000 adena",9045,122824,110836,-3720,1000,false
"Private Hardin's Academy - 1000 adena",9046,105918,109759,-3192,1000,false
"Forest of the Dead - 1000 adena",9050,54425,-41692,-3072,1000,false
"Valley of Saints - 1000 adena",9051,84092,-80084,-3504,1000,false
"Cursed Village - 1000 adena",9052,57670,-41672,-3144,1000,false
"Stakato Nest - 1000 adena",9053,88969,-45307,-2104,1000,false
"Monastery of Silence - 1000 adena",9054,106414,-87799,-2920,1000,false
"Varka Silenos Village - 1000 adena",9060,107929,-52248,-2408,1000,false
"Ketra Orc Village - 1000 adena",9061,149817,-80053,-5576,1000,false
"Devil's Pass - 1000 adena",9062,106349,-61870,-2904,1000,false
"Garden of Beasts - 1000 adena",9063,132997,-60608,-2960,1000,false
"Hot Springs - 1000 adena",9064,144625,-101291,-3384,1000,false
"Wall of Argos - 1000 adena",9065,183140,-53307,-1896,1000,false
"Wall of Argos - 1000 adena",9066,183140,-53307,-1896,1000,false
"Four Sepulchers - 1000 adena",9067,178127,-84435,-7216,1000,false
"Imperial Tomb - 1000 adena",9068,186699,-75915,-2824,1000,false
"Forge of the Gods,entrance - 1000 adena",9069,169018,-116303,-2432,1000,false
"Forge of the Gods,entrance - 1000 adena",9070,169018,-116303,-2432,1000,false
"Forge of the Gods,lower level - 1000 adena",9071,179887,-111241,-5824,1000,false
"Execution Grounds - 1000 adena",9080,50568,152408,-2656,1000,false
"Floran Agricultural Area - 1000 adena",9081,26810,172787,-3376,1000,false
"Cruma Marshlands - 1000 adena",9082,5941,125455,-3640,1000,false
"Cruma Tower,1st Floor - 1000 adena",9083,17718,117315,-12064,1000,false
"Cruma Tower,2nd Floor - 1000 adena",9084,17728,110325,-9312,1000,false
"Frost Lake - 1000 adena",9090,107577,-122392,-3632,1000,false
"Crypts of Disgrace - 1000 adena",9091,44221,-114232,-2784,1000,false
"Sky Wagon Relic - 1000 adena",9092,121618,-141554,-1496,1000,false
"Evil Hunting Grounds - 1000 adena",9100,-6989,109503,-3040,1000,false
"Neutral Zone - 1000 adena",9101,-18415,85624,-3680,1000,false
"Dark Forest - 1000 adena",9102,-14129,27094,-3680,1000,false
"School of Dark Arts - 1000 adena",9103,-49185,49441,-5912,1000,false
"Elven Ruins - 1000 adena",9104,49315,248452,-5960,1000,false
"Immortal Plateau - 1000 adena",9105,-25309,-131569,-680,1000,false
"Mithril Mines - 1000 adena",9106,175499,-181586,-904,1000,false
"Abandoned Coal Mines - 1000 adena",9107,144706,-173223,-1520,1000,false
"Forest of Evil - 1000 adena",9110,93218,16969,-3904,1000,false
"Timak Outpost - 1000 adena",9111,67097,68815,-3648,1000,false
"Altar of Rites - 1000 adena",9112,-44566,77508,-3736,1000,false
"Fields of Silence - 1000 adena",9120,69748,186111,-2872,1000,false
"Field of Whispers - 1000 adena",9121,97786,209303,-3040,1000,false
"Alligator Island - 1000 adena",9122,113708,178387,-3232,1000,false
"Garden of Eva,entrance - 1000 adena",9123,82693,242220,-6712,1000,false
"Garden of Eva,2nd level - 1000 adena",9124,79248,247390,-8816,1000,false
"Garden of Eva,3rd level - 1000 adena",9125,77868,250400,-9328,1000,false
"Garden of Eva,4th level - 1000 adena",9126,78721,253309,-9840,1000,false
"Garden of Eva,5th level - 1000 adena",9127,82951,252354,-10592,1000,false
"Gludin Arena - 1 Noble Gate Pass",9900,-87328,142266,-3640,1,true
"Coliseum - 1 Noble Gate Pass",9901,146440,46723,-3432,1,true
"Giran Arena - 1 Noble Gate Pass",9902,73579,142709,-3768,1,true
"Forgotten Temple - 1 Noble Gate Pass",9910,-54026,179504,-4640,1,true
"Wasteland  - 1 Noble Gate Pass",9911,-47506,179572,-3632,1,true
"Silent Valley - 1 Noble Gate Pass",9920,181737,46469,-4352,1,true
"Plains of Glory - 1 Noble Gate Pass",9921,135756,19557,-3424,1,true
"War-Torn Plains - 1 Noble Gate Pass",9922,156898,11217,-4032,1,true
"Tower of Insolence,3rd Floor - 1 Noble Gate Pass",9923,110848,16154,-2120,1,true
"Tower of Insolence,5th Floor - 1 Noble Gate Pass",9924,118404,15988,832,1,true
"Tower of Insolence,7th Floor - 1 Noble Gate Pass",9925,115064,12181,2960,1,true
"Tower of Insolence,10th Floor - 1 Noble Gate Pass",9926,118525,16455,5984,1,true
"Tower of Insolence,13th Floor - 1 Noble Gate Pass",9927,115384,16820,9000,1,true
"Hunters Valley - 1 Noble Gate Pass",9928,114306,86573,-3112,1,true
"Angel Waterfall - 1 Noble Gate Pass",9929,166182,91560,-3168,1,true
"Forest of Mirrors - 1 Noble Gate Pass",9930,166080,75574,-2992,1,true
"Enchanted Valley - 1 Noble Gate Pass",9931,114674,44150,-3376,1,true
"Hunters Valley - 1 Noble Gate Pass",9932,114306,86573,-3112,1,true
"Gorgon Flower Garden - 1 Noble Gate Pass",9940,113553,134813,-3640,1,true
"Antharas Lair 1 - 1 Noble Gate Pass",9941,147071,120156,-4520,1,true
"Antharas Lair 2 - 1 Noble Gate Pass",9942,151689,112615,-5520,1,true
"Dragon Valley - 1 Noble Gate Pass",9943,116425,109898,-3424,1,true
"Antharas Lair,Heart of Warding - 1 Noble Gate Pass",9944,154396,121235,-3808,1,true
"Dragon Valley,Traders Post - 1 Noble Gate Pass",9945,122824,110836,-3720,1,true
"Private Hardin's Academy - 1 Noble Gate Pass",9946,105918,109759,-3192,1,true
"Forest of the Dead - 1 Noble Gate Pass",9950,54425,-41692,-3072,1,true
"Valley of Saints - 1 Noble Gate Pass",9951,84092,-80084,-3504,1,true
"Cursed Village - 1 Noble Gate Pass",9952,57670,-41672,-3144,1,true
"Stakato Nest - 1 Noble Gate Pass",9953,88969,-45307,-2104,1,true
"Monastery of Silence - 1 Noble Gate Pass",9954,106414,-87799,-2920,1,true
"Varka Silenos Village - 1 Noble Gate Pass",9960,107929,-52248,-2408,1,true
"Ketra Orc Village - 1 Noble Gate Pass",9961,149817,-80053,-5576,1,true
"Devil's Pass - 1 Noble Gate Pass",9962,106349,-61870,-2904,1,true
"Garden of Beasts - 1 Noble Gate Pass",9963,132997,-60608,-2960,1,true
"Hot Springs - 1 Noble Gate Pass",9964,144625,-101291,-3384,1,true
"Wall of Argos - 1 Noble Gate Pass",9965,183140,-53307,-1896,1,true
"Four Sepulchers - 1 Noble Gate Pass",9967,178127,-84435,-7216,1,true
"Imperial Tomb - 1 Noble Gate Pass",9968,186699,-75915,-2824,1,true
"Forge of the Gods,entrance - 1 Noble Gate Pass",9970,169018,-116303,-2432,1,true
"Forge of the Gods,lower level - 1 Noble Gate Pass",9971,179887,-111241,-5824,1,true
"Execution Grounds - 1 Noble Gate Pass",9980,50568,152408,-2656,1,true
"Floran Agricultural Area - 1 Noble Gate Pass",9981,26810,172787,-3376,1,true
"Cruma Marshlands - 1 Noble Gate Pass",9982,5941,125455,-3640,1,true
"Cruma Tower,1st Floor - 1 Noble Gate Pass",9983,17718,117315,-12064,1,true
"Cruma Tower,2nd Floor - 1 Noble Gate Pass",9984,17728,110325,-9312,1,true
"Frost Lake - 1 Noble Gate Pass",9990,107577,-122392,-3632,1,true
"Crypts of Disgrace - 1 Noble Gate Pass",9991,44221,-114232,-2784,1,true
"Sky Wagon Relic - 1 Noble Gate Pass",9992,121618,-141554,-1496,1,true
"Evil Hunting Grounds - 1 Noble Gate Pass",10000,-6989,109503,-3040,1,true
"Neutral Zone - 1 Noble Gate Pass",10001,-18415,85624,-3680,1,true
"Dark Forest - 1 Noble Gate Pass",10002,-14129,27094,-3680,1,true
"School of Dark Arts - 1 Noble Gate Pass",10003,-49185,49441,-5912,1,true
"Elven Ruins - 1 Noble Gate Pass",10004,49315,248452,-5960,1,true
"Immortal Plateau - 1 Noble Gate Pass",10005,-25309,-131569,-680,1,true
"Mithril Mines - 1 Noble Gate Pass",10006,175499,-181586,-904,1,true
"Abandoned Coal Mines - 1 Noble Gate Pass",10007,144706,-173223,-1520,1,true
"Forest of Evil - 1 Noble Gate Pass",10010,93218,16969,-3904,1,true
"Timak Outpost - 1 Noble Gate Pass",10011,67097,68815,-3648,1,true
"Altar of Rites - 1 Noble Gate Pass",10012,-44566,77508,-3736,1,true
"Field of Silence - 1 Noble Gate Pass",10020,69748,186111,-2872,1,true
"Field of Whispers - 1 Noble Gate Pass",10021,97786,209303,-3040,1,true
"Alligator Island - 1 Noble Gate Pass",10022,113708,178387,-3232,1,true
"Garden of Eva,entrance - 1 Noble Gate Pass",10023,82693,242220,-6712,1,true
"Garden of Eva,2nd ring - 1 Noble Gate Pass",10024,79248,247390,-8816,1,true
"Garden of Eva,3rd ring - 1 Noble Gate Pass",10025,77868,250400,-9328,1,true
"Garden of Eva,4th ring - 1 Noble Gate Pass",10026,78721,253309,-9840,1,true
"Garden of Eva,5th level - 1 Noble Gate Pass",10027,82951,252354,-10592,1,true
"Ketra teleport - Goddard Castle Town",10028,147978,-55408,-2728,4900,false
"Ketra teleport - Rune Castle Town",10029,43849,-47877,-792,22000,false
"Ketra teleport - Aden Castle Town",10030,146705,25840,-2000,21000,false
"Ketra teleport - Wall of Argos",10031,164564,-48145,-3536,7000,false
"Ketra teleport - Hot Springs",10032,144880,-113468,-2560,6700,false
"Varka teleport - Goddard Castle Town",10033,147978,-55408,-2728,8000,false
"Varka teleport - Rune Castle Town",10034,43849,-47877,-792,12000,false
"Varka teleport - Aden Castle Town",10035,146705,25840,-2000,17000,false
"Varka teleport - Wall of Argos",10036,164564,-48145,-3536,11000,false
"Varka teleport - Hot Springs",10037,144880,-113468,-2560,14000,false
"Pagan Chapel - > exit",11998,-16359,-43803,-10725,0,false
"Pagan Temple - > exit",11999,-16307,-36591,-10725,0,false
"Clan Hall -> Center Town of Aden",12000,147450,28081,-2294,0,false
"Clan Hall -> North Town of Aden",12001,151950,25094,-2172,0,false
"Clan Hall -> East Town of Aden",12002,142593,26344,-2425,0,false
"Clan Hall -> South Town of Aden",12003,147503,32299,-2501,0,false
"Clan Hall -> West Town of Aden",12004,147465,20737,-2130,0,false
"Clan Hall -> Southern Pathway of Enchanted Valley",12005,124904,61992,-3920,500,false
"Clan Hall -> Blazing Swamp",12006,155310,-16339,-3320,500,false
"Clan Hall -> Plains of Glory",12007,133164,14036,-3888,500,false
"Clan Hall -> Plains of Fierce Battle",12008,153757,8905,-4024,500,false
"Clan Hall -> Path to Forest of Wirrors",12009,142065,81300,-3000,500,false
"Clan Hall -> Anghel Waterfall",12010,166182,91560,-3168,500,false
"Clan Hall -> West Area of Devastated Castle",12011,168779,-18790,-3184,500,false
"Clan Hall -> North Path to The Cementery",12012,175191,4082,-2863,500,false
"Clan Hall -> South Path to The Cementery",12013,175432,30299,-3773,500,false
"Clan Hall -> Seal of Shilen",12014,184742,19745,-3168,500,false
"Clan Hall -> Center of Giran Castle Town",12015,81749,149171,-3464,0,false
"Clan Hall -> North of Giran Castle Town",12016,81525,143821,-3528,0,false
"Clan Hall -> East of Giran Castle Town",12017,88342,147329,-3400,0,false
"Clan Hall -> South of Giran Castle Town",12018,81548,152633,-3528,0,false
"Clan Hall -> West of Giran Castle Town",12019,77305,148636,-3592,0,false
"Clan Hall -> Devils Isle",12020,43408,206881,-3752,500,false
"Clan Hall -> Center of Gludin Village",12021,-82445,150788,-3120,0,false
"Clan Hall -> North of Gludin Village",12022,-83331,148563,-3144,0,false
"Clan Hall -> East of Gludin Village",12023,-78405,152723,-3168,0,false
"Clan Hall -> South of Gludin Village",12024,-77460,155995,-3194,0,false
"Clan Hall -> West of Gludin Village",12025,-85138,152749,-3160,0,false
"Clan Hall -> Necropolis of Sacrifice",12026,-36961,201895,-2760,500,false
"Clan Hall -> Oracle Dusk",12027,-93453,89814,-3240,500,false
"Clan Hall -> Oracle of Dawn",12028,-85329,106369,-3603,500,false
"Clan Hall -> South Pathway to the Wasterland",12029,-17279,208954,-3664,500,false
"Clan Hall -> Wasterland",12030,-16526,208032,-3664,500,false
"Clan Hall -> Plains of Dion",12031,9980,173167,-3734,500,false
"Clan Hall -> Piligrims Necropolis",12032,46428,127157,-3745,500,false
"Clan Hall -> Center of Gludio Castle Town",12033,-14393,123671,-3144,0,false
"Clan Hall -> East of Gludio Castle Town",12034,-16796,124108,-3127,0,false
"Clan Hall -> North of Gludio Castle Town",12035,-11817,123652,-3079,0,false
"Clan Hall -> Ruins of Despair",12038,-20767,136437,-3923,500,false
"Clan Hall -> The Ruins Bend",12039,-32664,148626,-3956,500,false
"Clan Hall -> Center of Dion Castle Town",12040,19025,145245,-3107,0,false
"Clan Hall -> North of Dion Castle Town",12041,21511,145866,-3153,0,false
"Clan Hall -> East of Dion Castle Town",12042,18891,142365,-3051,0,false
"Clan Hall -> South of Dion Castle Town",12043,17394,147593,-3129,0,false
"Clan Hall -> West of Dion Castle Town",12044,16582,144130,-2960,0,false
"Clan Hall -> Giran Territory",12045,69373,155208,-3746,500,false
"Clan Hall -> Center of Goddard Castle Town",12046,147728,-56331,-2776,0,false
"Clan Hall -> North of Goddard Castle Town",12047,147731,-58930,-2976,0,false
"Clan Hall -> East of Goddard Castle Town",12048,150561,-57489,-2976,0,false
"Clan Hall -> West of Goddard Castle Town",12049,144866,-57464,-2976,0,false
"Gludio -> Kamael Village",12050,-117251,46771,360,12000,false
"Dark Elf Village -> Kamael Village",12051,-117251,46771,360,13000,false
"Orc Village -> Kamael Village",12052,-117251,46771,360,17000,false
"Elven Village -> Kamael Village",12053,-117251,46771,360,16000,false
"Town of Aden -> Kamael Village",12054,-117251,46771,360,26000,false
"Talking Village -> Kamael Village",12055,-117251,46771,360,20000,false
"Dwarven Village -> Kamael Village",12056,-117251,46771,360,32000,false
"Soul Harbor -> Nornil's Garden",12057,-119534,87176,-12593,0,false
"Nornil's Garden -> Soul Harbor",12058,-73494,53507,-3680,0,false
"Underground Coliseum -> Fantasy Isle",12059,-59224,-56837,-2032,0,false
"Fantasy Isle -> Underground Coliseum",12060,-81490,-49167,-10352,0,false
"Clan Hall Schuttgart -> Village Square",12061,87379,-142322,-1336,0,false
"Clan Hall Schuttgart -> West Gate Entrance",12062,84753,-141051,-1536,0,false
"Clan Hall Schuttgart -> South Gate Entrance",12063,87343,-139802,-1536,0,false
"Clan Hall Schuttgart -> East Gate Entrance",12064,89959,-141034,-1536,0,false
"Clan Hall Schuttgart -> Crypt of Disgrace",12065,47692,-115745,-3744,500,false
"Clan Hall Schuttgart -> Plunderous Plains",12066,111965,-154172,-1528,500,false
"Clan Hall Schuttgart -> Den of Evil",12067,68693,-110438,-1904,500,false
"Clan Hall Schuttgart -> Frozen Labyrinth",12068,113903,-108752,-848,500,false
"Dragonspine Fort -> Fort North Gate",12100,12497,93855,-3425,0,false
"Dragonspine Fort -> Fort South Gate",12101,10486,96307,-3425,0,false
"Dragonspine Fort -> Dion Town Square",12102,18748,145437,-3127,0,false
"Dragonspine Fort -> Oren Town Square",12103,82321,55139,-1524,0,false
"Dragonspine Fort -> The Ant Nest",12104,-25832,173118,-4154,500,false
"Dragonspine Fort -> Windawood Manor",12105,-25791,162013,-2528,500,false
"Dragonspine Fort -> Sea of Spores",12106,62425,30856,-3774,500,false
"Dragonspine Fort -> Ancient Battleground",12107,108264,-2846,-3428,500,false
"Fantasy Isle -> Krateis Cube",12108,-70293,-71029,-1416,0,false
"Krateis Cube -> Fantasy Isle",12109,-59224,-56837,-2032,0,false
"Demon Fort -> Fortress West Gate",12110,98920,-56423,-624,0,false
"Demon Fort -> Fortress East Gate",12111,102390,-54320,-632,0,false
"Demon Fort -> Rune Town Square",12112,43889,-49101,-792,0,false
"Demon Fort -> Goddard Town Square",12113,147728,-56331,-2776,0,false
"Demon Fort -> Swamp of Screams",12114,69340,-50203,-3288,500,false
"Demon Fort -> Valley of Saints",12115,65307,-71445,-3688,500,false
"Demon Fort -> Entrance to the Forge of the Gods",12116,169018,-116303,-2432,500,false
"Demon Fort -> Wall of Argos",12117,165054,-47861,-3560,500,false
"Gludio -> Airship dock",12118,-149406,255247,-80,0,false
"Airship dock -> Talking Island",12119,-84752,243122,-3728,0,false
"Talking Island -> Airship dock",12120,-149406,255247,-80,0,false
"Fantasy Isle -> Handys Block",12121,-57328,-60566,-2360,0,false
"Keucereus -> Heart of Infinity",12122,-204288,242026,1744,0,false
"Valley Fort -> Fortress North Gate",12123,126066,120350,-2584,0,false
"Valley Fort -> Fortress South Gate",12124,126023,125853,-2584,0,false
"Valley Fort -> Giran Town Square",12125,81749,149171,-3464,0,false
"Valley Fort -> Front of the Giran Castle Gate",12126,107954,145841,-3224,0,false
"Valley Fort -> Brekas Stronghold",12127,85546,131328,-3672,500,false
"Valley Fort -> Devils Isle",12128,43408,206811,-3752,500,false
"Valley Fort -> Dragon Valley",12129,73024,118485,-3688,500,false
"Valley Fort -> Tanor Canyon",12130,60374,164301,-2856,500,false
"Tanor Fort -> Fortress North Gate",12131,58923,137789,-1752,0,false
"Tanor Fort -> Fortress South Gate",12132,61551,141036,-1752,0,false
"Tanor Fort -> Dion Town Square",12133,19025,145245,-3120,0,false
"Tanor Fort -> Giran Town Square",12134,81749,149171,-3464,0,false
"Tanor Fort -> The Ant Nest",12135,-9959,176184,-4160,500,false
"Tanor Fort -> Windawood Manor",12136,-28327,155125,-3496,500,false
"Tanor Fort -> Dragon Valley",12137,73024,118485,-3688,500,false
"Tanor Fort -> Tanor Canyon",12138,60374,164301,-2856,500,false
"Handys Block -> Fantasy Isle",12139,-59157,-56906,-2032,0,false
"Gludio Castle -> Front of the Gludio Castle",13000,-15043,116596,-3208,0,false
"Gludio Castle -> Gludio Town Square",13001,-14393,123671,-3112,0,false
"Gludio Castle -> Front of the Shanty Fortress",13002,-58761,154663,-2664,0,false
"Gludio Castle -> Front of the Southern Fortress",13003,-29856,214275,-3680,0,false
"Gludio Castle -> Ruins of Agony",13004,-41248,122848,-2904,500,false
"Gludio Castle -> Ruins of Despair",13005,-19120,136816,-3752,500,false
"Gludio Castle -> The Ant Nest",13006,-9959,176184,-4160,500,false
"Gludio Castle -> Windawood Manor",13007,-28327,155125,-3496,500,false
"Clan Hall -> West of Gludio Castle Town",13037,-14591,121024,-2990,0,false
"Innadril(artifact -> out)",15000,116046,247094,-930,0,false
"Innadril(artifact -> hall)",15001,116028,249163,-787,0,false
"Innadril(artifact -> outofcastle)",15002,116373,244729,-1059,0,false
"Innadril(hall -> artifact)",15003,116028,250136,-867,0,false
"Innadril(hall -> out)",15004,116046,247094,-930,0,false
"Innadril(hall -> outofcastle)",15005,116373,244729,-1059,0,false
"Innadril(out -> artifact)",15006,116028,250136,-867,0,false
"Innadril(out -> hall)",15007,116028,249163,-787,0,false
"Innadril(out -> outofcastle)",15008,116373,244729,-1059,0,false
"Innadril(outofcastle -> artifact)",15009,116028,250136,-867,0,false
"Innadril(outofcastle -> out)",15010,116046,247094,-930,0,false
"Innadril(outofcastle -> hall)",15011,116028,249163,-787,0,false
"Goddard(artifact -> out)",15012,147466,-48514,-2085,0,false
"Goddard(artifact -> hall)",15013,147463,-48504,-2277,0,false
"Goddard(artifact -> outofcastle)",15014,147265,-44908,-2085,0,false
"Goddard(hall -> artifact)",15015,146165,-50478,-1604,0,false
"Goddard(hall -> out)",15016,147466,-48514,-2085,0,false
"Goddard(hall -> outofcastle)",15017,147265,-44908,-2085,0,false
"Goddard(out -> artifact)",15018,146165,-50478,-1604,0,false
"Goddard(out -> hall)",15019,147463,-48504,-2277,0,false
"Goddard(out -> outofcastle)",15020,147265,-44908,-2085,0,false
"Goddard(outofcastle -> artifact)",15021,146165,-50478,-1604,0,false
"Goddard(outofcastle -> out)",15022,147466,-48514,-2085,0,false
"Goddard(outofcastle -> hall)",15023,147463,-48504,-2277,0,false
"Rune(artifact -> outofcastle)",15025,19049,-49141,-1258,0,false
"Rune(artifact -> out)",15026,16981,-49170,-1098,0,false
"Rune(artifact -> hall)",15027,11729,-49154,-537,0,false
"Rune(hall -> out)",15029,16981,-49170,-1098,0,false
"Rune(hall -> outofcastle)",15030,19049,-49141,-1258,0,false
"Rune(out -> hall)",15032,11732,-49154,-537,0,false
"Rune(out -> outofcastle)",15033,19049,-49141,-1258,0,false
"Rune(outofcastle -> hall)",15035,11729,-49154,-537,0,false
"Rune(outofcastle -> out)",15036,16981,-49170,-1098,0,false
"Schuttgart(hall -> outofcastle)",15037,77562,-149119,-353,0,false
"Schuttgart(hall -> out)",15038,77501,-149943,-353,0,false
"Schuttgart(hall -> artifact)",15039,77557,-154975,387,0,false
"Schuttgart(out -> artifact)",15040,77557,-154975,387,0,false
"Schuttgart(out -> outofcastle)",15041,77562,-149119,-353,0,false
"Schuttgart(out -> hall)",15042,77547,-152461,-545,0,false
"Schuttgart(outofcastle -> artifact)",15043,77557,-154975,387,0,false
"Schuttgart(outofcastle -> out)",15044,77501,-149943,-353,0,false
"Schuttgart(outofcastle -> hall)",15045,77547,-152461,-545,0,false
"Schuttgart(artifact -> out)",15046,77501,-149943,-353,0,false
"Schuttgart(artifact -> hall)",15047,77547,-152461,-545,0,false
"Schuttgart(artifact -> outofcastle)",15048,77562,-149119,-353,0,false
"Lair of Antharas -> Town of Giran",20000,83400,147943,-3404,0,false
"Lair of Baium -> Town of Aden",20001,146331,25762,-2018,0,false
"Lair of Valakas -> Town of Goddard",20002,147928,-55273,-2734,0,false
"Lair of Sailren -> Primeval Isle Wharf",20004,10468,-24569,-3650,0,false
"Gludio Throne",60000,-18112,109413,-2496,0,false
"Gludio Inside",60001,-18171,111572,-2649,0,false
"Gludio Artefacts Room",60002,-18115,108365,-2590,0,false
"Gludio Out of the Castle",60003,-18361,113887,-2767,0,false
"Giran Throne",60004,116507,145095,-2563,0,false
"Giran Inside",60005,114174,145058,-2751,0,false
"Giran Artefacts Room",60006,117557,145092,-2644,0,false
"Giran Out of the Castle",60007,112122,144855,-2751,0,false
"Oren Throne",60008,82576,37189,-2290,0,false
"Oren Inside",60009,80318,37174,-2561,0,false
"Oren Artefacts Room",60010,83638,37180,-2371,0,false
"Oren Out of the Castle",60011,78116,36961,-2458,0,false
"Aden Throne",60012,147446,4652,-340,0,false
"Aden Balcony",60013,147439,1120,218,0,false
"Aden Inside",60014,147470,7902,-470,0,false
"Aden Hall",60015,146372,4649,-403,0,false
"Aden Artefacts Room",60016,147499,2544,-473,0,false
"Aden Out of the Castle",60017,116025,10843,-736,0,false
"Innadril Throne",60018,116025,249097,-787,0,false
"Innadril Inside",60019,116026,246975,-967,0,false
"Innadril Artefacts Room",60020,116033,250158,-867,0,false
"Innadril Out of the Castle",60021,116265,244631,-1057,0,false
"Goddard Throne",60022,147460,-48274,-2276,0,false
"Goddard Inside",60023,145671,-46510,-1743,0,false
"Goddard Artefacts Room",60024,148899,-50461,-1603,0,false
"Goddard Out of the Castle",60025,147482,-45026,-2084,0,false
"Dion Throne",60026,22074,160352,-2690,0,false
"Dion Inside",60027,22150,158042,-2873,0,false
"Dion Artefacts Room",60028,22078,161387,-2771,0,false
"Dion Out of the Castle",60029,22306,156027,-2953,0,false
"Rune Throne",60030,11780,-49153,-530,0,false
"Rune Inside",60031,17252,-49160,-1125,0,false
"Rune Artefacts Room",60032,10133,-49152,997,0,false
"Rune Out of the Castle",60033,19118,-49136,-1266,0,false
"Baylors room",800001,153743,142103,-9775,0,false
