route_number,npc_template_id,point_number,chat_text,x,y,z,delay_s,is_running
1,31361,1,,22418,10249,-3648,61,true
1,31361,2,,23423,11165,-3720,0,true
1,31361,3,,20182,11101,-3720,0,true
1,31361,4,,17327,13603,-3728,1,true
1,31361,5,"The mass of darkness will start in a couple of days. Pay more attention to the guard!",17410,13038,-3736,10,true
1,31361,6,,20176,12902,-3712,0,true
1,31361,7,,21669,13378,-3616,0,true
1,31361,8,,20675,10401,-3712,0,true
2,31360,1,,10820,14770,-4240,62,false
2,31360,2,,10947,14642,-4240,0,false
2,31360,3,,11301,15844,-4584,0,false
2,31360,4,,12107,16431,-4584,0,false
2,31360,5,"You're a hard worker,Rayla!",15097,15662,-4376,6,false
2,31360,6,,15269,16281,-4376,7,false
2,31360,7,,12336,16921,-4584,0,false
2,31360,8,,11786,17663,-4564,0,false
2,31360,9,,11246,17650,-4568,0,false
2,31360,10,,10649,17284,-4584,0,false
2,31360,11,"You're a hard worker!",7692,18041,-4376,6,false
2,31360,12,,10549,16780,-4584,0,false
2,31360,13,,10722,16538,-4584,0,false
2,31360,14,,11008,15927,-4584,0,false
3,31362,1,"Mr. Lid, Murdoc, and Airy! How are you doing?",114847,-180066,-877,30,false
3,31362,2,,114834,-179685,-877,2,false
3,31362,3,,116122,-179457,-1068,1,false
3,31362,4,,116798,-180391,-1200,2,false
3,31362,5,,116324,-181564,-1384,2,false
3,31362,6,,115797,-181563,-1336,0,false
3,31362,7,"Care to go a round?",116054,-181575,-1352,0,false
3,31362,8,,116506,-181478,-1384,2,false
3,31362,9,,116634,-180029,-1160,1,false
3,31362,10,,115347,-178623,-928,1,false
3,31362,11,,115763,-177591,-888,2,false
3,31362,12,"Have a nice day, Mr. Garita and Mion!",115801,-177342,-880,1,false
3,31362,13,,115869,-177340,-880,15,false
3,31362,14,,115788,-177482,-880,3,false
3,31362,15,,115124,-179821,-885,1,false
3,31362,16,,115103,-180065,-877,1,false
4,31363,1,"Where is that fool hiding?",116731,-182477,-1512,10,true
4,31363,2,,115870,-183280,-1472,0,true
4,31363,3,,115746,-183428,-1472,1,true
4,31363,4,,115870,-183280,-1472,1,true
4,31363,5,,115999,-183246,-1480,0,true
4,31363,6,,116094,-183113,-1480,1,true
4,31363,7,"Have you seen Torocco today?",116584,-184294,-1568,11,true
4,31363,8,,116392,-184100,-1560,1,true
4,31363,9,,117093,-182524,-1528,1,true
4,31363,10,"Have you seen Torocco?",117789,-182540,-1528,11,true
5,31359,1,,45744,50561,-3065,61,false
5,31359,2,,46444,49742,-3065,2,false
5,31359,3,"How can we save the Mother Tree?",46103,48798,-3065,5,false
5,31359,4,"The Mother Tree is slowly dying",45403,48436,-3065,5,false
5,31359,5,,44444,49078,-3065,0,false
5,31359,6,,44414,50025,-3065,0,false
5,31359,7,,44957,50568,-3065,0,false
5,31359,8,,44414,50025,-3065,0,false
5,31359,9,,44444,49078,-3065,0,false
5,31359,10,"The Mother Tree is slowly dying",45403,48436,-3065,5,false
5,31359,11,"How can we save the Mother Tree?",46103,48798,-3065,5,false
5,31359,12,,46444,49742,-3065,2,false
6,31358,1,"Lady Mirabel, may the peace of the lake be with you!",47015,51278,-2992,65,false
6,31358,2,,47437,50441,-2992,0,false
6,31358,3,,47509,49038,-2992,0,false
6,31358,4,,46725,47755,-2992,0,false
6,31358,5,"The Mother Tree is always so gorgeous!",45319,47339,-2992,5,false
6,31358,6,,43998,47672,-2992,0,false
6,31358,7,,43037,49310,-2992,0,false
6,31358,8,,43310,50382,-2992,0,false
6,31358,9,,43896,51060,-2992,0,false
6,31358,10,,43312,50362,-2992,0,false
6,31358,11,,43040,49311,-2992,0,false
6,31358,12,,44018,47645,-2992,0,false
6,31358,13,"The Mother Tree is always so gorgeous!",45301,47340,-2992,5,false
6,31358,14,,46693,47752,-2992,0,false
6,31358,15,,47489,48976,-2992,0,false
6,31358,16,,47441,50455,-2992,0,false
7,31357,1,"Where did he go?",-86328,241120,-3734,60,false
7,31357,2,,-86505,240727,-3704,0,false
7,31357,3,,-86081,240402,-3712,0,false
7,31357,4,"Have you seen Windawood?",-86078,240853,-3720,15,false
7,31357,5,,-85957,241389,-3728,0,false
7,31357,6,"Where has he gone?",-83993,242766,-3728,10,false
7,31357,7,,-82952,244461,-3728,0,false
7,31357,8,,-82370,244919,-3720,0,false
7,31357,9,,-82129,245020,-3720,0,false
7,31357,10,,-82198,245350,-3712,0,false
7,31357,11,,-82554,245137,-3716,1,false
7,31357,12,,-82198,245350,-3712,0,false
7,31357,13,,-82129,245020,-3720,0,false
7,31357,14,,-82370,244919,-3720,0,false
7,31357,15,,-82952,244461,-3728,0,false
7,31357,16,"Where has he gone?",-83993,242766,-3728,10,false
7,31357,17,,-85957,241389,-3728,0,false
7,31357,18,"Have you seen Windawood?",-86078,240853,-3720,15,false
7,31357,19,,-86081,240402,-3712,0,false
7,31357,20,,-86505,240727,-3704,0,false
8,31356,1,"A delivery for Mr. Lector? Very good!",-81681,243384,-3712,61,true
8,31356,2,,-81915,243870,-3712,1,true
8,31356,3,,-82084,243659,-3712,0,true
8,31356,4,,-83148,243731,-3728,0,true
8,31356,5,"I need a break!",-84497,243241,-3728,6,true
8,31356,6,,-85212,243184,-3728,0,true
8,31356,7,,-86161,242898,-3728,0,true
8,31356,8,,-86281,242963,-3720,0,true
8,31356,9,"Hello, Mr. Lector! Long time no see, Mr. Jackson!",-86356,243201,-3720,7,true
8,31356,10,,-86491,242781,-3720,0,true
8,31356,11,,-86497,242585,-3728,0,true
8,31356,12,,-86114,241587,-3728,0,true
8,31356,13,,-85184,240679,-3728,0,true
8,31356,14,"Lulu!",-84075,241282,-3728,3,true
8,31356,15,"Lulu!",-84075,241282,-3728,3,true
8,31356,16,"Lulu!",-83709,241238,-3728,0,true
8,31356,17,,-83182,241141,-3728,1,true
8,31356,18,,-82383,242926,-3720,1,true
9,31364,1,,-46506,-109402,-238,10,false
9,31364,2,,-45752,-111652,-240,0,false
9,31364,3,,-44028,-112688,-240,0,false
9,31364,4,,-44049,-114536,-240,0,false
9,31364,5,,-45540,-115415,-240,0,false
9,31364,6,,-46526,-117731,-240,0,false
9,31364,7,,-45540,-115415,-240,0,false
9,31364,8,,-44049,-114536,-240,0,false
9,31364,9,,-44028,-112688,-240,0,false
9,31364,10,,-45752,-111652,-240,0,false
10,31365,1,,-48807,-113489,-241,61,false
10,31365,2,,-48821,-113746,-232,1,false
10,31365,3,,-48823,-113505,-232,61,false
10,31365,4,,-47339,-113581,-232,1,false
10,31365,5,,-45740,-113562,-240,0,false
10,31365,6,,-44851,-112965,-240,0,false
10,31365,7,,-44308,-113207,-240,0,false
10,31365,8,,-44204,-113743,-240,0,false
10,31365,9,,-44659,-114171,-240,0,false
10,31365,10,,-45167,-114034,-224,0,false
10,31365,11,,-45658,-113633,-240,0,false
10,31365,12,,-47363,-113621,-224,0,false
10,31365,13,,-48829,-113746,-232,0,false
10,31365,14,,-47363,-113621,-224,0,false
10,31365,15,,-45658,-113633,-240,0,false
10,31365,16,,-45167,-114034,-224,0,false
10,31365,17,,-44659,-114171,-240,0,false
10,31365,18,,-44204,-113743,-240,0,false
10,31365,19,,-44308,-113207,-240,0,false
10,31365,20,,-44851,-112965,-240,0,false
10,31365,21,,-45740,-113562,-240,1,false
11,32072,1,,84429,-144065,-1542,10,false
11,32072,2,,84465,-142493,-1536,0,false
11,32072,3,,85234,-140963,-1536,0,false
11,32072,4,,87351,-140059,-1536,5,false
11,32072,5,,89343,-140746,-1536,0,false
11,32072,6,,90605,-143167,-1536,0,false
11,32072,7,,90271,-143869,-1536,10,false
11,32072,8,,90605,-143167,-1536,0,false
11,32072,9,,89343,-140746,-1536,0,false
11,32072,10,,87351,-140059,-1536,5,false
11,32072,11,,85234,-140963,-1536,0,false
11,32072,12,,84465,-142493,-1536,0,false
12,32070,1,,90271,-143869,-1547,10,true
12,32070,2,,90605,-143167,-1536,1,true
12,32070,3,,89343,-140746,-1536,1,true
12,32070,4,,87351,-140059,-1536,5,true
12,32070,5,,85234,-140963,-1536,1,true
12,32070,6,,84465,-142493,-1536,1,true
12,32070,7,,84434,-144061,-1528,10,true
12,32070,8,,84465,-142493,-1536,1,true
12,32070,9,,85234,-140963,-1536,1,true
12,32070,10,,87351,-140059,-1536,5,true
12,32070,11,,89343,-140746,-1536,1,true
12,32070,12,,90605,-143167,-1536,1,true
13,29095,1,,141569,-45908,-2387,10,false
13,29095,2,,142494,-45456,-2397,0,false
13,29095,3,,142922,-44561,-2395,0,false
13,29095,4,,143672,-44130,-2398,0,false
13,29095,5,,144557,-43378,-2325,0,false
13,29095,6,,145839,-43267,-2301,0,false
13,29095,7,,147044,-43601,-2307,0,false
13,29095,8,,148140,-43206,-2303,0,false
13,29095,9,,148815,-43434,-2328,5,false
13,29095,10,,149862,-44151,-2558,0,false
13,29095,11,,151037,-44197,-2708,5,false
13,29095,12,,152555,-42756,-2836,0,false
13,29095,13,,154808,-39546,-3236,0,false
13,29095,14,,155333,-39962,-3272,0,false
13,29095,15,,156531,-41240,-3470,0,false
13,29095,16,,156863,-43232,-3707,0,false
13,29095,17,,156783,-44198,-3764,0,false
13,29095,18,,158169,-45163,-3541,0,false
13,29095,19,,158952,-45479,-3473,0,false
13,29095,20,,160039,-46514,-3634,0,false
13,29095,21,,160244,-47429,-3656,3,false
13,29095,22,,159155,-48109,-3665,0,false
13,29095,23,,159558,-51027,-3523,0,false
13,29095,24,,159396,-53362,-3244,3,false
13,29095,25,,160872,-56556,-2789,0,false
13,29095,26,,160857,-59072,-2613,5,false
13,29095,27,,160410,-59888,-2647,0,false
13,29095,28,,158770,-60173,-2673,0,false
13,29095,29,,156368,-59557,-2638,3,false
13,29095,30,,155188,-59868,-2642,0,false
13,29095,31,,154118,-60591,-2731,0,false
13,29095,32,,153571,-61567,-2821,0,false
13,29095,33,,153457,-62819,-2886,3,false
13,29095,34,,152939,-63778,-3003,0,false
13,29095,35,,151816,-64209,-3120,0,false
13,29095,36,,147655,-64826,-3433,0,false
13,29095,37,,145422,-64576,-3369,0,false
13,29095,38,,144097,-64320,-3404,0,false
13,29095,39,,140780,-61618,-3096,0,false
13,29095,40,,139688,-61450,-3062,0,false
13,29095,41,,138267,-61743,-3056,3,false
13,29095,42,,138613,-58491,-3465,0,false
13,29095,43,,138139,-57252,-3517,5,false
13,29095,44,,139555,-56044,-3310,0,false
13,29095,45,,139107,-54537,-3240,0,false
13,29095,46,,139279,-53781,-3091,0,false
13,29095,47,,139810,-52687,-2866,0,false
13,29095,48,,139657,-52041,-2793,0,false
13,29095,49,,139215,-51355,-2698,0,false
13,29095,50,,139334,-50514,-2594,0,false
13,29095,51,,139817,-49715,-2449,0,false
13,29095,52,,139824,-48976,-2263,0,false
13,29095,53,,140130,-47578,-2213,0,false
13,29095,54,,140483,-46339,-2382,5,false
13,29095,55,,141569,-45908,-2387,0,false
21,36035,1,,14186,149947,-3352,2,false
21,36035,2,,16180,150387,-3216,0,false
21,36035,3,,18387,151874,-3317,0,false
21,36035,4,,18405,154770,-3616,3,false
21,36035,5,,17655,156863,-3664,0,false
21,36035,6,,12303,153937,-2680,0,false
21,36035,7,,17655,156863,-3664,0,false
21,36035,8,,18405,154770,-3616,3,false
21,36035,9,,18387,151874,-3317,0,false
21,36035,10,,16180,150387,-3216,0,false
21,36035,11,,14186,149947,-3352,2,false
22,35659,1,,-55675,157012,-6034,3,false
22,35659,2,,-55675,157012,-2064,0,false
22,35659,3,,-55675,154797,-2680,0,false
22,35659,4,,-55713,154341,-2544,0,false
22,35659,5,,-52122,151759,-2568,0,false
22,35659,6,,-50343,151559,-2768,0,false
22,35659,7,,-48975,154986,-2272,6,false
22,35659,8,,-50343,151559,-2768,0,false
22,35659,9,,-52122,151759,-2568,0,false
22,35659,10,,-55713,154341,-2544,0,false
22,35659,11,,-55675,154797,-2680,0,false
22,35659,12,,-55675,157012,-2064,0,false
22,35659,13,,-55675,157012,-6034,3,false
23,35690,1,,-28169,216864,-3544,3,false
23,35690,2,,-29028,215089,-3672,0,false
23,35690,3,,-30888,213455,-3656,0,false
23,35690,4,,-31937,211656,-3656,0,false
23,35690,5,,-30880,211006,-3552,0,false
23,35690,6,,-27690,210004,-3272,0,false
23,35690,7,,-25784,210108,-3272,0,false
23,35690,8,,-21682,211459,-3272,0,false
23,35690,9,,-18430,212927,-3704,0,false
23,35690,10,,-16247,212795,-3664,0,false
23,35690,11,,-16868,214267,-3648,0,false
23,35690,12,,-17263,215887,-3552,0,false
23,35690,13,,-18352,216841,-3504,6,false
23,35690,14,,-17263,215887,-3552,0,false
23,35690,15,,-16868,214267,-3648,0,false
23,35690,16,,-16247,212795,-3664,0,false
23,35690,17,,-18430,212927,-3704,0,false
23,35690,18,,-21682,211459,-3272,0,false
23,35690,19,,-25784,210108,-3272,0,false
23,35690,20,,-27690,210004,-3272,0,false
23,35690,21,,-30880,211006,-3552,0,false
23,35690,22,,-31937,211656,-3656,0,false
23,35690,23,,-30888,213455,-3656,0,false
23,35690,24,,-29028,215089,-3672,0,false
23,35690,25,,-28169,216864,-3544,3,false
24,36073,1,,-56032,86017,-3259,3,false
24,36073,2,,-57329,86006,-3640,0,false
24,36073,3,,-57470,85306,-3664,0,false
24,36073,4,,-58892,85159,-3768,3,false
24,36073,5,,-59030,80150,-3632,0,false
24,36073,6,,-57642,77591,-3512,2,false
24,36073,7,,-53971,77664,-3224,4,false
24,36073,8,,-53271,85126,-3552,6,false
24,36073,9,,-53971,77664,-3224,4,false
24,36073,10,,-57642,77591,-3512,2,false
24,36073,11,,-59030,80150,-3632,0,false
24,36073,12,,-58892,85159,-3768,3,false
24,36073,13,,-57470,85306,-3664,0,false
24,36073,14,,-57329,86006,-3640,0,false
24,36073,15,,-56032,86017,-3259,3,false
25,36142,1,,9318,92253,-3536,3,false
25,36142,2,,9117,91645,-3656,0,false
25,36142,3,,9240,90149,-3592,0,false
25,36142,4,,11509,90093,-3720,2,false
25,36142,5,,13269,90004,-3840,2,false
25,36142,6,,14812,89578,-3832,2,false
25,36142,7,,14450,90636,-3680,0,false
25,36142,8,,14236,91690,-3656,0,false
25,36142,9,,13636,92359,-3480,6,false
25,36142,10,,14236,91690,-3656,0,false
25,36142,11,,14450,90636,-3680,0,false
25,36142,12,,14812,89578,-3832,2,false
25,36142,13,,13269,90004,-3840,2,false
25,36142,14,,11509,90093,-3720,2,false
25,36142,15,,9240,90149,-3592,0,false
25,36142,16,,9117,91645,-3656,0,false
25,36142,17,,9318,92253,-3536,3,false
26,35728,1,,19408,189422,-3136,3,false
26,35728,2,,20039,187700,-3416,0,false
26,35728,3,,19016,185813,-3552,3,false
26,35728,4,,17959,181955,-3680,0,false
26,35728,5,,16440,181635,-3616,3,false
26,35728,6,,15679,182540,-3608,0,false
26,35728,7,,15310,182791,-3568,0,false
26,35728,8,,15242,184507,-3112,6,false
26,35728,9,,15310,182791,-3568,0,false
26,35728,10,,15679,182540,-3608,0,false
26,35728,11,,16440,181635,-3616,3,false
26,35728,12,,17959,181955,-3680,0,false
26,35728,13,,19016,185813,-3552,3,false
26,35728,14,,20039,187700,-3416,0,false
26,35728,15,,19408,189422,-3136,3,false
27,36111,1,,58314,136319,-2000,3,false
27,36111,2,,57078,137124,-2216,0,false
27,36111,3,,54644,137366,-2600,0,false
27,36111,4,,58696,134202,-3096,3,false
27,36111,5,,60967,134154,-3416,0,false
27,36111,6,,62813,134744,-3592,0,false
27,36111,7,,65158,135007,-3728,0,false
27,36111,8,,64278,139384,-3176,3,false
27,36111,9,,63711,140599,-2720,0,false
27,36111,10,,63187,141192,-2440,0,false
27,36111,11,,62811,142466,-2064,6,false
27,36111,12,,63187,141192,-2440,0,false
27,36111,13,,63711,140599,-2720,0,false
27,36111,14,,64278,139384,-3176,3,false
27,36111,15,,65158,135007,-3728,0,false
27,36111,16,,62813,134744,-3592,0,false
27,36111,17,,60967,134154,-3416,0,false
27,36111,18,,58696,134202,-3096,3,false
27,36111,19,,54644,137366,-2600,0,false
27,36111,20,,57078,137124,-2216,0,false
27,36111,21,,58314,136319,-2000,3,false
28,36287,1,,71692,188004,-2616,3,false
28,36287,2,,69326,187042,-3008,0,false
28,36287,3,,68627,185540,-2984,0,false
28,36287,4,,69077,184566,-2976,3,false
28,36287,5,,70642,182573,-2992,0,false
28,36287,6,,73647,181706,-3160,0,false
28,36287,7,,74283,181756,-3152,0,false
28,36287,8,,73655,182960,-2736,6,false
28,36287,9,,74283,181756,-3152,0,false
28,36287,10,,73647,181706,-3160,0,false
28,36287,11,,70642,182573,-2992,0,false
28,36287,12,,69077,184566,-2976,3,false
28,36287,13,,68627,185540,-2984,0,false
28,36287,14,,69326,187042,-3008,0,false
28,36287,15,,71692,188004,-2616,3,false
29,36173,1,,-80904,94098,-3152,3,false
29,36173,2,,-81330,93758,-3224,0,false
29,36173,3,,-82482,92419,-3456,0,false
29,36173,4,,-84654,91351,-3520,0,false
29,36173,5,,-85612,89733,-3288,0,false
29,36173,6,,-83621,88290,-3368,3,false
29,36173,7,,-81490,86480,-3408,0,false
29,36173,8,,-79182,86002,-3584,3,false
29,36173,9,,-78251,85722,-3624,0,false
29,36173,10,,-78090,86842,-3480,6,false
29,36173,11,,-78251,85722,-3624,0,false
29,36173,12,,-79182,86002,-3584,3,false
29,36173,13,,-81490,86480,-3408,0,false
29,36173,14,,-83621,88290,-3368,3,false
29,36173,15,,-85612,89733,-3288,0,false
29,36173,16,,-84654,91351,-3520,0,false
29,36173,17,,-82482,92419,-3456,0,false
29,36173,18,,-81330,93758,-3224,0,false
29,36173,19,,-80904,94098,-3152,3,false
30,35897,1,,114436,202528,-3408,3,false
30,35897,2,,113809,200514,-3720,0,false
30,35897,3,,116035,199822,-3664,0,false
30,35897,4,,117017,199876,-3632,0,false
30,35897,5,,119959,201032,-3608,0,false
30,35897,6,,121849,200614,-3384,0,false
30,35897,7,,122868,200874,-3168,0,false
30,35897,8,,123130,202427,-3128,3,false
30,35897,9,,122427,204162,-3488,0,false
30,35897,10,,122661,204842,-3576,0,false
30,35897,11,,124051,205402,-3576,0,false
30,35897,12,,124211,206023,-3504,0,false
30,35897,13,,124948,206778,-3400,0,false
30,35897,14,,124483,207777,-3200,6,false
30,35897,15,,124948,206778,-3400,0,false
30,35897,16,,124211,206023,-3504,0,false
30,35897,17,,124051,205402,-3576,0,false
30,35897,18,,122661,204842,-3576,0,false
30,35897,19,,122427,204162,-3488,0,false
30,35897,20,,123130,202427,-3128,3,false
30,35897,21,,122868,200874,-3168,0,false
30,35897,22,,121849,200614,-3384,0,false
30,35897,23,,119959,201032,-3608,0,false
30,35897,24,,117017,199876,-3632,0,false
30,35897,25,,116035,199822,-3664,0,false
30,35897,26,,113809,200514,-3720,0,false
30,35897,27,,114436,202528,-3408,3,false
31,35759,1,,123383,121093,-2864,3,false
31,35759,2,,122670,120890,-3088,0,false
31,35759,3,,124617,119069,-3088,0,false
31,35759,4,,126177,118273,-3080,0,false
31,35759,5,,125979,119528,-2728,6,false
31,35759,6,,126177,118273,-3080,0,false
31,35759,7,,124617,119069,-3088,0,false
31,35759,8,,122670,120890,-3088,0,false
31,35759,9,,123383,121093,-2864,3,false
32,36249,1,,121072,93215,-2736,3,false
32,36249,2,,122718,92355,-2320,0,false
32,36249,3,,126171,91910,-2216,0,false
32,36249,4,,126353,90422,-2296,0,false
32,36249,5,,125796,87720,-2432,0,false
32,36249,6,,124803,85970,-2464,0,false
32,36249,7,,125036,83836,-2376,3,false
32,36249,8,,128886,83331,-1416,0,false
32,36249,9,,129697,84969,-1256,0,false
32,36249,10,,126291,86712,-2240,0,false
32,36249,11,,126599,88950,-2325,0,false
32,36249,12,,126847,90713,-2264,0,false
32,36249,13,,126599,88950,-2325,0,false
32,36249,14,,126291,86712,-2240,0,false
32,36249,15,,129697,84969,-1256,0,false
32,36249,16,,128886,83331,-1416,0,false
32,36249,17,,125036,83836,-2376,3,false
32,36249,18,,124803,85970,-2464,0,false
32,36249,19,,125796,87720,-2432,0,false
32,36249,20,,126353,90422,-2296,0,false
32,36249,21,,126171,91910,-2216,0,false
32,36249,22,,122718,92355,-2320,0,false
32,36249,23,,121072,93215,-2736,3,false
33,35859,1,,190423,43540,-3656,3,false
33,35859,2,,189579,45949,-4240,0,false
33,35859,3,,187058,43551,-4808,0,false
33,35859,4,,185916,41869,-4512,3,false
33,35859,5,,185292,39403,-4200,0,false
33,35859,6,,185167,38401,-4200,0,false
33,35859,7,,184984,36863,-4152,0,false
33,35859,8,,184377,36425,-4080,0,false
33,35859,9,,185314,35866,-3936,0,false
33,35859,10,,185781,35955,-3832,0,false
33,35859,11,,186686,35667,-3752,6,false
33,35859,12,,185781,35955,-3832,0,false
33,35859,13,,185314,35866,-3936,0,false
33,35859,14,,184377,36425,-4080,0,false
33,35859,15,,184984,36863,-4152,0,false
33,35859,16,,185167,38401,-4200,0,false
33,35859,17,,185292,39403,-4200,0,false
33,35859,18,,185916,41869,-4512,3,false
33,35859,19,,187058,43551,-4808,0,false
33,35859,20,,189579,45949,-4240,0,false
33,35859,21,,190423,43540,-3656,3,false
34,35797,1,,74725,1671,-3128,3,false
34,35797,2,,76651,1505,-3552,0,false
34,35797,3,,79421,4977,-3080,0,false
34,35797,4,,77357,7197,-3208,0,false
34,35797,5,,76287,9164,-3568,0,false
34,35797,6,,72447,8196,-3264,0,false
34,35797,7,,71780,7467,-3160,0,false
34,35797,8,,72447,8196,-3264,0,false
34,35797,9,,76287,9164,-3568,0,false
34,35797,10,,77357,7197,-3208,0,false
34,35797,11,,79421,4977,-3080,0,false
34,35797,12,,76651,1505,-3552,0,false
34,35797,13,,74725,1671,-3128,3,false
35,36211,1,,114221,-18762,-1768,3,false
35,36211,2,,115920,-19177,-2120,0,false
35,36211,3,,117105,-19759,-2400,0,false
35,36211,4,,118417,-20135,-2632,3,false
35,36211,5,,118881,-20011,-2712,0,false
35,36211,6,,117210,-18329,-1816,6,false
35,36211,7,,118881,-20011,-2712,0,false
35,36211,8,,118417,-20135,-2632,3,false
35,36211,9,,117105,-19759,-2400,0,false
35,36211,10,,115920,-19177,-2120,0,false
35,36211,11,,114221,-18762,-1768,3,false
36,35690,1,,161929,-73414,-2960,3,false
36,35690,2,,161706,-75464,-3112,0,false
36,35690,3,,159786,-77576,-3544,0,false
36,35690,4,,158837,-78154,-3776,0,false
36,35690,5,,158997,-77350,-3736,3,false
36,35690,6,,158721,-75863,-3720,0,false
36,35690,7,,158188,-74219,-3608,0,false
36,35690,8,,157561,-73351,-3408,3,false
36,35690,9,,156184,-72600,-3328,0,false
36,35690,10,,153798,-71489,-3392,0,false
36,35690,11,,153072,-70683,-3488,0,false
36,35690,12,,152246,-70353,-3568,0,false
36,35690,13,,154373,-69842,-3120,0,false
36,35690,14,,152246,-70353,-3568,0,false
36,35690,15,,153072,-70683,-3488,0,false
36,35690,16,,153798,-71489,-3392,0,false
36,35690,17,,156184,-72600,-3328,0,false
36,35690,18,,157561,-73351,-3408,3,false
36,35690,19,,158188,-74219,-3608,0,false
36,35690,20,,158721,-75863,-3720,0,false
36,35690,21,,158997,-77350,-3736,3,false
36,35690,22,,158837,-78154,-3776,0,false
36,35690,23,,159786,-77576,-3544,0,false
36,35690,24,,161706,-75464,-3112,0,false
36,35690,25,,161929,-73414,-2960,3,false
37,36318,1,,104150,-57163,-848,3,false
37,36318,2,,106218,-59401,-1344,0,false
37,36318,3,,106898,-59553,-1664,3,false
37,36318,4,,107352,-60168,-2000,0,false
37,36318,5,,107651,-61177,-2400,0,false
37,36318,6,,109094,-62678,-3248,0,false
37,36318,7,,108266,-62657,-3104,0,false
37,36318,8,,105169,-61226,-2616,0,false
37,36318,9,,102968,-59982,-2384,0,false
37,36318,10,,100070,-60173,-2792,0,false
37,36318,11,,98764,-61095,-2768,0,false
37,36318,12,,94946,-60039,-2432,0,false
37,36318,13,,96103,-59078,-1992,0,false
37,36318,14,,96884,-59043,-1656,0,false
37,36318,15,,97064,-57884,-1256,6,false
37,36318,16,,96884,-59043,-1656,0,false
37,36318,17,,96103,-59078,-1992,0,false
37,36318,18,,94946,-60039,-2432,0,false
37,36318,19,,98764,-61095,-2768,0,false
37,36318,20,,100070,-60173,-2792,0,false
37,36318,21,,102968,-59982,-2384,0,false
37,36318,22,,105169,-61226,-2616,0,false
37,36318,23,,108266,-62657,-3104,0,false
37,36318,24,,109094,-62678,-3248,0,false
37,36318,25,,107651,-61177,-2400,0,false
37,36318,26,,107352,-60168,-2000,0,false
37,36318,27,,106898,-59553,-1664,3,false
37,36318,28,,106218,-59401,-1344,0,false
37,36318,29,,104150,-57163,-848,3,false
38,35928,1,,161876,-73407,-2984,3,false
38,35928,2,,161795,-75288,-3088,0,false
38,35928,3,,159678,-77671,-3584,0,false
38,35928,4,,158917,-78117,-3760,0,false
38,35928,5,,158989,-77130,-3720,0,false
38,35928,6,,158757,-75951,-3720,0,false
38,35928,7,,158157,-74161,-3592,3,false
38,35928,8,,157547,-73326,-3400,0,false
38,35928,9,,153815,-71497,-3392,0,false
38,35928,10,,153086,-70701,-3488,0,false
38,35928,11,,152262,-70352,-3568,0,false
38,35928,12,,155193,-69617,-3008,6,false
38,35928,13,,152262,-70352,-3568,0,false
38,35928,14,,153086,-70701,-3488,0,false
38,35928,15,,153815,-71497,-3392,0,false
38,35928,16,,157547,-73326,-3400,0,false
38,35928,17,,158157,-74161,-3592,3,false
38,35928,18,,158757,-75951,-3720,0,false
38,35928,19,,158989,-77130,-3720,0,false
38,35928,20,,158917,-78117,-3760,0,false
38,35928,21,,159678,-77671,-3584,0,false
38,35928,22,,161795,-75288,-3088,0,false
38,35928,23,,161876,-73407,-2984,3,false
39,36356,1,,69553,-91746,-1488,3,false
39,36356,2,,70941,-89751,-2256,0,false
39,36356,3,,71104,-89094,-2368,0,false
39,36356,4,,73471,-91462,-2024,3,false
39,36356,5,,74532,-92202,-1776,0,false
39,36356,6,,74908,-93152,-1536,6,false
39,36356,7,,74532,-92202,-1776,0,false
39,36356,8,,73471,-91462,-2024,3,false
39,36356,9,,71104,-89094,-2368,0,false
39,36356,10,,70941,-89751,-2256,0,false
39,36356,11,,69553,-91746,-1488,3,false
40,36004,1,,105447,-139845,-3120,3,false
40,36004,2,,104918,-140382,-3256,0,false
40,36004,3,,105507,-142515,-3648,0,false
40,36004,4,,106533,-143107,-3656,0,false
40,36004,5,,106714,-143825,-3656,0,false
40,36004,6,,107510,-144024,-3656,0,false
40,36004,7,,108092,-144888,-3656,3,false
40,36004,8,,109499,-145168,-3664,0,false
40,36004,9,,110064,-146169,-3456,0,false
40,36004,10,,110186,-147427,-3096,0,false
40,36004,11,,112389,-147779,-3256,6,false
40,36004,12,,110186,-147427,-3096,0,false
40,36004,13,,110064,-146169,-3456,0,false
40,36004,14,,109499,-145168,-3664,0,false
40,36004,15,,108092,-144888,-3656,3,false
40,36004,16,,107510,-144024,-3656,0,false
40,36004,17,,106714,-143825,-3656,0,false
40,36004,18,,106533,-143107,-3656,0,false
40,36004,19,,105507,-142515,-3648,0,false
40,36004,20,,104918,-140382,-3256,0,false
40,36004,21,,105447,-139845,-3120,3,false
41,35966,1,,71436,-58182,-2904,3,false
41,35966,2,,71731,-56949,-3080,0,false
41,35966,3,,72715,-56729,-3104,0,false
41,35966,4,,73277,-56055,-3104,3,false
41,35966,5,,73369,-55636,-3104,0,false
41,35966,6,,74136,-54646,-3104,0,false
41,35966,7,,73408,-54422,-3104,0,false
41,35966,8,,72998,-53404,-3136,0,false
41,35966,9,,71661,-52937,-3104,0,false
41,35966,10,,71127,-52304,-3104,0,false
41,35966,11,,70225,-52304,-3064,0,false
41,35966,12,,69668,-52780,-3064,0,false
41,35966,13,,68422,-52407,-3240,0,false
41,35966,14,,67702,-52940,-3208,0,false
41,35966,15,,67798,-52940,-3232,0,false
41,35966,16,,66667,-55841,-2840,6,false
41,35966,17,,67798,-52940,-3232,0,false
41,35966,18,,67702,-52940,-3208,0,false
41,35966,19,,68422,-52407,-3240,0,false
41,35966,20,,69668,-52780,-3064,0,false
41,35966,21,,70225,-52304,-3064,0,false
41,35966,22,,71127,-52304,-3104,0,false
41,35966,23,,71661,-52937,-3104,0,false
41,35966,24,,72998,-53404,-3136,0,false
41,35966,25,,73408,-54422,-3104,0,false
41,35966,26,,74136,-54646,-3104,0,false
41,35966,27,,73369,-55636,-3104,0,false
41,35966,28,,73277,-56055,-3104,3,false
41,35966,29,,72715,-56729,-3104,0,false
41,35966,30,,71731,-56949,-3080,0,false
41,35966,31,,71436,-58182,-2904,3,false
42,35828,1,,159388,52392,-3317,3,false
42,35828,2,,158407,52708,-3264,0,false
42,35828,3,,159588,52684,-3328,0,false
42,35828,4,,160872,53771,-3528,0,false
42,35828,5,,162518,55063,-3672,0,false
42,35828,6,,159388,52392,-3317,0,false
